full_id,gender,stadi1,stadi5,stadi9,stadi13,stadi17,aqf1,aqf2,aqf3,aqf4,aqf5,aqf6,aqf7,aqf8,apq26,apq28,apq35,apq40,apq40.r,emotionality,hostility,punishment
1001,Weiblich,2,2,3,4,1,4,2,3,2,4,3,2,1,1,1,1,5,1,2.4,2.625,1
1002,Männlich,3,2,2,2,2,2,3,2,2,3,3,3,2,2,4,4,3,3,2.2,2.5,3.25
1003,Männlich,3,2,3,2,2,3,3,2,2,4,3,2,4,3,1,3,4,2,2.4,2.875,2.25
1004,Weiblich,2,2,2,1,2,2,2,2,2,2,2,2,1,1,NA,1,4,2,1.8,1.875,1.33333333333333
1005,Männlich,2,2,2,2,2,2,3,2,2,2,2,2,2,3,3,3,3,3,2,2.125,3
1006,Männlich,2,4,4,3,3,3,2,3,3,2,2,4,4,3,4,5,4,2,3.2,2.875,3.5
1007,Männlich,3,2,3,2,2,3,3,3,3,3,3,3,3,3,3,1,5,1,2.4,3,2
1008,Männlich,2,2,2,2,1,2,2,1,1,1,2,2,2,3,1,2,3,3,1.8,1.625,2.25
1009,Männlich,2,1,2,2,2,2,3,4,4,3,3,4,2,4,4,4,4,2,1.8,3.125,3.5
1010,Männlich,2,2,2,2,2,2,2,2,2,2,2,2,2,1,1,1,4,2,2,2,1.25
1011,Männlich,2,2,2,1,1,1,1,1,1,1,1,2,1,3,2,3,4,2,1.6,1.125,2.5
1012,Weiblich,4,4,2,4,4,3,4,1,4,4,4,4,4,2,3,3,1,5,3.6,3.5,3.25
1013,Weiblich,3,3,3,3,2,2,4,3,3,3,3,2,2,3,1,2,2,4,2.8,2.75,2.5
1014,Männlich,2,1,1,2,2,3,3,3,3,2,3,4,2,1,2,2,3,3,1.6,2.875,2
1015,Männlich,2,2,3,4,3,2,3,3,2,3,3,3,4,3,2,3,3,3,2.8,2.875,2.75
1016,Männlich,3,3,3,1,3,3,2,2,1,2,2,2,2,2,1,4,5,1,2.6,2,2
1017,Weiblich,2,2,2,2,2,4,4,4,4,3,4,4,4,1,1,1,5,1,2,3.875,1
1018,Weiblich,3,2,3,3,3,2,4,1,3,3,3,3,2,2,3,3,4,2,2.8,2.625,2.5
1019,Weiblich,2,2,3,3,2,2,2,1,2,4,3,4,2,4,3,1,4,2,2.4,2.5,2.5
1020,Männlich,2,2,2,2,2,3,3,3,3,3,3,3,3,1,1,2,2,4,2,3,2
1021,Weiblich,2,2,2,2,2,1,2,1,2,3,2,1,3,1,1,1,4,2,2,1.875,1.25
1022,Männlich,3,3,3,3,1,3,4,4,3,4,2,3,3,4,3,2,5,1,2.6,3.25,2.5
1023,Männlich,3,3,3,3,4,2,3,2,3,3,3,2,3,4,4,4,4,2,3.2,2.625,3.5
1024,Männlich,3,2,2,2,1,2,2,2,2,3,2,2,1,1,1,1,5,1,2,2,1
1025,Männlich,3,3,2,2,2,3,2,2,2,2,2,2,2,3,3,3,3,3,2.4,2.125,3
1026,Weiblich,2,3,2,2,2,1,2,2,2,2,2,2,1,1,2,1,3,3,2.2,1.75,1.75
1027,Männlich,4,4,4,4,3,3,3,4,3,4,3,4,4,4,4,5,5,1,3.8,3.5,3.5
1028,Männlich,2,2,1,1,2,2,1,1,1,2,1,1,1,1,1,1,5,1,1.6,1.25,1
1029,Weiblich,2,2,2,2,2,2,3,2,1,2,2,2,1,5,1,1,5,1,2,1.875,2
1030,Weiblich,4,3,3,3,2,4,4,4,4,3,2,2,2,1,1,1,5,1,3,3.125,1
1031,Weiblich,2,2,1,2,2,1,4,3,2,4,4,4,1,1,1,1,5,1,1.8,2.875,1
1032,Männlich,2,1,1,3,1,1,3,1,1,2,1,1,2,2,2,2,3,3,1.6,1.5,2.25
1033,Männlich,2,3,2,2,2,2,2,2,2,2,2,2,2,4,2,4,3,3,2.2,2,3.25
1034,Weiblich,2,3,2,1,2,1,2,2,2,2,1,1,1,1,1,1,5,1,2,1.5,1
1035,Weiblich,2,2,2,2,2,1,2,2,2,2,2,2,1,1,1,1,5,1,2,1.75,1
1036,Weiblich,1,2,2,2,2,3,2,3,2,3,3,2,3,1,2,2,4,2,1.8,2.625,1.75
1037,Weiblich,2,1,2,2,1,1,2,2,1,1,1,2,1,1,1,5,3,3,1.6,1.375,2.5
1038,Weiblich,3,3,3,3,3,1,3,2,3,4,3,3,1,1,1,2,5,1,3,2.5,1.25
1039,Weiblich,3,4,3,4,2,1,1,4,1,1,4,4,2,1,1,5,5,1,3.2,2.25,2
1040,Weiblich,3,2,2,3,2,1,4,2,1,2,4,2,1,1,1,1,5,1,2.4,2.125,1
1041,Männlich,2,2,2,2,2,2,3,1,2,2,3,2,1,5,4,4,5,1,2,2,3.5
1042,Männlich,2,2,2,3,3,1,3,2,2,2,3,1,2,2,2,3,4,2,2.4,2,2.25
1043,Weiblich,2,1,2,2,1,1,2,2,1,2,3,1,1,1,1,1,5,1,1.6,1.625,1
1044,Männlich,2,2,4,2,3,2,3,2,3,1,1,2,2,1,1,1,4,2,2.6,2,1.25
1045,Weiblich,3,4,3,4,4,3,3,3,3,3,4,3,4,1,1,4,2,4,3.6,3.25,2.5
1046,Männlich,4,3,3,1,3,2,3,3,3,4,3,3,3,3,4,1,2,4,2.8,3,3
1047,Weiblich,3,3,2,3,3,1,4,2,1,2,2,2,1,1,1,1,5,1,2.8,1.875,1
1048,Männlich,3,3,3,3,2,2,2,1,3,2,2,2,2,2,1,1,3,3,2.8,2,1.75
1049,Weiblich,3,1,2,1,2,2,3,2,2,2,2,2,1,1,1,2,3,3,1.8,2,1.75
1050,Weiblich,3,2,1,2,2,2,4,3,2,1,1,1,3,3,1,3,5,1,2,2.125,2
1051,Weiblich,2,2,1,3,2,3,1,1,1,2,1,1,1,1,1,1,5,1,2,1.375,1
1052,Weiblich,1,2,2,1,2,1,1,1,1,2,2,1,1,2,1,1,5,1,1.6,1.25,1.25
1053,Weiblich,3,2,4,3,2,2,3,3,1,2,1,1,1,1,1,1,5,1,2.8,1.75,1
1054,Weiblich,2,2,2,2,2,4,4,2,1,1,3,1,1,1,1,1,5,1,2,2.125,1
1055,Weiblich,2,2,2,2,3,3,3,1,2,3,3,3,1,1,3,1,4,2,2.2,2.375,1.75
1056,Weiblich,2,2,1,1,4,1,1,2,1,3,3,4,1,1,1,1,5,1,2,2,1
1058,Weiblich,3,3,1,2,2,2,3,2,2,3,2,2,1,3,3,3,3,3,2.2,2.125,3
1060,Weiblich,1,3,1,2,3,1,3,2,1,1,1,1,2,1,1,1,3,3,2,1.5,1.5
1061,Weiblich,2,2,3,2,2,1,3,2,2,1,2,3,1,1,1,1,5,1,2.2,1.875,1
1062,Männlich,2,2,2,1,1,3,2,1,1,2,2,3,1,1,1,1,5,1,1.6,1.875,1
1063,Männlich,2,2,3,2,2,2,3,1,1,3,1,3,3,2,1,2,2,4,2.2,2.125,2.25
1064,Weiblich,3,3,2,3,3,4,2,3,4,4,3,4,1,3,3,3,4,2,2.8,3.125,2.75
1065,Männlich,4,3,1,4,3,2,2,4,3,3,2,2,3,3,3,5,4,2,3,2.625,3.25
1066,Männlich,2,2,1,1,1,2,3,2,3,3,1,4,1,1,1,1,5,1,1.4,2.375,1
1067,Weiblich,3,3,3,3,3,1,3,2,3,2,3,2,2,2,3,3,4,2,3,2.25,2.5
1068,Männlich,2,2,2,3,2,1,1,1,1,4,1,2,1,1,1,3,5,1,2.2,1.5,1.5
1069,Männlich,1,1,1,2,2,3,3,2,2,2,2,2,2,1,1,1,4,2,1.4,2.25,1.25
1070,Männlich,2,2,3,2,1,1,2,2,1,4,1,3,3,1,1,1,5,1,2,2.125,1
1071,Weiblich,3,3,3,4,3,1,2,3,2,3,3,3,1,1,1,1,3,3,3.2,2.25,1.5
1072,Weiblich,2,2,2,2,2,1,2,1,1,3,3,2,2,1,1,1,5,1,2,1.875,1
1074,Weiblich,2,1,1,1,1,2,1,1,1,1,1,1,1,1,1,1,5,1,1.2,1.125,1
1075,Weiblich,3,3,2,4,2,2,4,3,3,2,4,2,2,2,1,2,5,1,2.8,2.75,1.5
1076,Männlich,2,1,1,1,1,1,1,1,1,1,1,1,1,1,1,1,2,4,1.2,1,1.75
1077,Männlich,2,2,2,2,2,2,3,1,1,2,3,2,1,1,1,1,2,4,2,1.875,1.75
1078,Weiblich,2,3,2,3,3,3,3,2,3,3,3,3,2,3,4,4,4,2,2.6,2.75,3.25
1079,Weiblich,3,3,4,3,3,2,3,3,1,4,3,3,3,1,2,1,3,3,3.2,2.75,1.75
1080,Männlich,1,3,2,1,2,2,2,3,1,2,3,2,3,2,2,4,3,3,1.8,2.25,2.75
1081,Weiblich,2,2,2,2,2,2,3,2,2,3,3,2,2,1,1,3,4,2,2,2.375,1.75
1082,Weiblich,2,2,2,2,2,2,2,2,2,2,2,2,2,1,1,1,4,2,2,2,1.25
1083,Männlich,2,2,2,2,2,2,3,2,2,2,3,3,2,1,1,1,5,1,2,2.375,1
1084,Weiblich,3,3,2,3,2,3,1,2,1,3,2,3,1,1,1,1,5,1,2.6,2,1
1085,Männlich,2,2,4,3,1,1,2,1,1,1,2,1,1,1,1,1,3,3,2.4,1.25,1.5
1086,Weiblich,2,2,2,2,2,1,2,2,1,4,1,2,1,1,1,3,5,1,2,1.75,1.5
1087,Weiblich,2,2,1,1,1,1,3,2,1,3,1,2,2,1,1,1,5,1,1.4,1.875,1
1088,Weiblich,3,3,2,3,4,3,3,4,3,3,4,3,3,1,2,3,3,3,3,3.25,2.25
1089,Weiblich,2,3,3,2,1,4,2,1,1,3,2,4,1,1,1,1,5,1,2.2,2.25,1
1090,Männlich,3,3,2,2,2,3,3,2,1,3,3,2,1,1,1,1,5,1,2.4,2.25,1
1091,Weiblich,2,3,4,3,2,1,4,1,1,2,3,3,2,1,1,1,5,1,2.8,2.125,1
1092,Weiblich,3,3,3,4,3,1,3,1,1,3,1,3,1,1,1,1,5,1,3.2,1.75,1
1093,Weiblich,2,2,2,1,1,1,2,1,1,2,1,4,1,1,1,1,3,3,1.6,1.625,1.5
1094,Männlich,2,2,2,1,1,1,1,1,1,2,1,2,1,2,1,1,4,2,1.6,1.25,1.5
1095,Männlich,1,3,3,2,2,2,1,1,1,3,3,3,2,1,1,1,5,1,2.2,2,1
1096,Weiblich,2,2,3,2,2,2,3,2,2,4,4,2,2,1,1,2,5,1,2.2,2.625,1.25
1097,Männlich,1,2,2,2,1,1,1,1,1,2,2,2,3,1,1,1,5,1,1.6,1.625,1
1098,Männlich,2,2,2,1,1,1,2,2,2,2,1,2,1,1,1,1,4,2,1.6,1.625,1.25
1099,Weiblich,2,2,2,2,3,3,3,3,2,2,2,2,3,4,1,3,4,2,2.2,2.5,2.5
1100,Männlich,2,1,2,1,1,2,3,1,1,3,1,2,1,3,1,3,3,3,1.4,1.75,2.5
1101,Männlich,2,1,1,1,2,1,2,2,1,4,2,3,1,2,2,2,3,3,1.4,2,2.25
1102,Männlich,2,2,2,2,2,2,2,3,2,3,2,3,1,1,1,1,4,2,2,2.25,1.25
1103,Weiblich,2,2,2,2,2,1,1,1,2,3,1,2,1,1,1,1,4,2,2,1.5,1.25
1104,Weiblich,3,3,2,2,2,2,3,4,3,1,3,3,1,1,1,1,5,1,2.4,2.5,1
1105,Weiblich,3,2,3,2,2,1,4,2,2,2,3,2,3,1,1,1,5,1,2.4,2.375,1
1106,Männlich,2,2,2,2,2,1,1,1,2,3,2,1,1,1,1,1,5,1,2,1.5,1
1107,Weiblich,3,3,1,3,2,2,1,1,1,1,1,1,1,1,1,1,5,1,2.4,1.125,1
1108,Weiblich,4,3,2,1,3,1,2,2,1,2,1,2,1,1,1,1,5,1,2.6,1.5,1
1109,Weiblich,2,2,2,2,2,1,3,2,1,4,3,3,3,1,1,1,5,1,2,2.5,1
1110,Männlich,3,4,3,2,4,2,4,4,4,2,4,2,2,2,3,3,3,3,3.2,3,2.75
1111,Weiblich,2,3,2,3,2,2,3,2,2,3,2,2,2,2,1,2,3,3,2.4,2.25,2
1112,Männlich,1,1,1,1,2,1,1,1,1,2,2,2,1,4,1,3,3,3,1.2,1.375,2.75
1113,Männlich,2,1,2,1,1,1,2,1,1,3,1,2,1,1,1,1,5,1,1.4,1.5,1
1114,Weiblich,3,4,2,3,2,1,2,2,3,3,1,3,1,1,1,1,4,2,2.8,2,1.25
1115,Weiblich,2,2,1,2,2,1,2,3,1,2,3,3,2,1,1,2,5,1,1.8,2.125,1.25
1116,Männlich,2,1,1,2,2,3,2,2,3,2,3,3,1,1,2,1,4,2,1.6,2.375,1.5
1117,Männlich,3,2,2,3,2,1,2,1,2,2,2,2,2,1,1,1,3,3,2.4,1.75,1.5
1118,Weiblich,2,2,1,1,2,3,2,2,2,1,2,1,1,2,1,4,3,3,1.6,1.75,2.5
1119,Männlich,2,2,1,3,3,1,2,1,1,2,2,2,1,1,1,2,5,1,2.2,1.5,1.25
1120,Weiblich,3,3,4,4,2,1,1,1,1,3,1,1,2,1,1,1,5,1,3.2,1.375,1
1121,Männlich,2,2,3,2,1,1,2,2,1,2,2,2,1,3,3,3,1,5,2,1.625,3.5
1122,Männlich,2,2,1,2,2,1,2,2,1,3,2,3,1,1,3,1,2,4,1.8,1.875,2.25
1123,Weiblich,3,4,4,3,2,1,1,2,3,1,2,2,1,1,1,1,5,1,3.2,1.625,1
1124,Weiblich,2,1,1,1,1,3,4,2,1,3,3,3,2,1,1,1,5,1,1.2,2.625,1
1125,Weiblich,2,4,3,4,4,3,3,2,2,1,4,4,4,1,1,3,3,3,3.4,2.875,2
1126,Männlich,3,2,1,1,2,4,4,2,1,4,2,4,2,1,2,1,3,3,1.8,2.875,1.75
1127,Männlich,3,4,4,3,4,3,4,4,2,3,1,2,3,1,1,1,5,1,3.6,2.75,1
1128,Weiblich,2,3,1,2,3,1,2,1,1,2,1,1,1,1,1,1,5,1,2.2,1.25,1
1129,Männlich,2,1,1,1,1,1,1,1,1,2,1,2,1,1,1,4,4,2,1.2,1.25,2
1130,Männlich,2,2,1,1,1,2,2,1,1,4,1,2,1,1,1,1,4,2,1.4,1.75,1.25
1131,Weiblich,3,2,2,3,2,2,2,2,2,2,3,3,1,1,1,1,5,1,2.4,2.125,1
1132,Weiblich,2,2,2,2,1,3,2,2,2,2,2,2,2,1,1,3,4,2,1.8,2.125,1.75
1133,Männlich,2,2,1,2,2,1,2,1,2,2,4,2,4,1,1,2,5,1,1.8,2.25,1.25
1134,Weiblich,2,2,2,2,1,1,4,2,1,3,3,2,1,1,1,1,5,1,1.8,2.125,1
1135,Weiblich,4,3,4,2,2,4,2,3,2,3,1,3,1,1,1,5,4,2,3,2.375,2.25
1136,Weiblich,3,2,2,2,1,2,1,1,1,1,2,1,1,1,1,1,5,1,2,1.25,1
1137,Weiblich,3,2,1,1,2,1,4,3,1,4,4,4,3,1,2,2,2,4,1.8,3,2.25
1138,Männlich,2,2,2,2,1,3,2,1,1,2,2,2,1,1,1,3,4,2,1.8,1.75,1.75
1139,Männlich,3,3,1,4,3,4,4,1,4,3,2,2,2,2,1,1,5,1,2.8,2.75,1.25
1140,Männlich,2,2,2,2,2,3,2,1,2,3,2,2,1,1,1,3,4,2,2,2,1.75
1141,Männlich,2,2,1,1,1,1,2,3,1,2,2,1,1,1,1,1,3,3,1.4,1.625,1.5
1142,Weiblich,2,2,2,1,1,2,1,1,1,1,1,1,1,3,1,1,1,5,1.6,1.125,2.5
1143,Männlich,2,2,1,2,1,1,1,1,2,4,3,1,4,1,1,1,5,1,1.6,2.125,1
1144,Männlich,2,2,2,1,2,2,1,1,1,2,1,1,1,1,1,1,4,2,1.8,1.25,1.25
1145,Weiblich,3,3,2,3,3,2,4,2,4,3,3,2,2,1,1,1,5,1,2.8,2.75,1
1146,Weiblich,2,2,3,2,2,2,3,2,2,2,1,2,2,1,1,1,4,2,2.2,2,1.25
1147,Weiblich,4,3,2,2,3,3,4,3,4,3,3,4,2,1,1,1,5,1,2.8,3.25,1
1148,Männlich,2,2,1,1,1,1,1,1,1,2,1,2,1,1,1,1,4,2,1.4,1.25,1.25
1149,Männlich,2,2,1,2,2,2,2,1,1,2,3,3,1,1,1,1,5,1,1.8,1.875,1
1150,Männlich,1,1,2,1,1,1,1,1,1,1,1,1,1,1,1,1,5,1,1.2,1,1
1151,Männlich,2,2,1,2,1,1,2,1,1,3,1,3,1,2,1,2,3,3,1.6,1.625,2
1152,Weiblich,2,2,3,1,2,1,2,1,1,1,1,1,1,1,2,2,5,1,2,1.125,1.5
1153,Männlich,2,2,1,1,1,2,1,2,NA,3,3,2,1,1,1,2,4,2,1.4,2,1.5
1154,Weiblich,1,1,1,2,2,2,2,3,1,2,3,3,2,1,1,1,5,1,1.4,2.25,1
1155,Weiblich,4,4,2,3,4,3,4,4,3,2,4,3,4,1,2,2,4,2,3.4,3.375,1.75
1156,Weiblich,3,2,2,2,2,1,2,3,1,3,1,3,3,1,1,2,4,2,2.2,2.125,1.5
1157,Weiblich,2,2,3,1,1,1,3,1,3,1,1,1,1,1,1,1,5,1,1.8,1.5,1
1158,Weiblich,3,3,2,2,2,4,3,2,2,1,3,1,2,2,1,3,1,5,2.4,2.25,2.75
1159,Männlich,1,1,2,1,2,1,1,1,1,1,2,2,1,2,1,2,3,3,1.4,1.25,2
1161,Weiblich,2,2,1,2,2,1,1,1,1,1,1,1,2,1,1,1,5,1,1.8,1.125,1
1162,Weiblich,3,4,2,4,2,1,1,1,1,4,3,4,1,1,1,1,5,1,3,2,1
1163,Weiblich,1,2,1,2,1,1,2,2,2,3,3,3,2,1,2,1,3,3,1.4,2.25,1.75
1164,Weiblich,3,3,2,1,3,2,2,2,1,1,2,4,2,1,1,1,5,1,2.4,2,1
1165,Männlich,2,2,1,1,1,2,2,1,1,3,2,4,2,1,2,2,3,3,1.4,2.125,2
1166,Weiblich,1,1,2,2,1,1,1,1,1,1,2,1,1,1,1,1,3,3,1.4,1.125,1.5
1167,Männlich,2,2,1,2,1,2,2,1,1,2,2,2,1,1,1,2,5,1,1.6,1.625,1.25
1168,Weiblich,2,2,2,2,3,2,2,3,2,2,2,2,2,1,1,1,4,2,2.2,2.125,1.25
1169,Weiblich,2,2,2,2,1,2,2,1,2,1,2,2,1,1,1,3,3,3,1.8,1.625,2
1170,Weiblich,1,2,2,1,2,1,2,1,1,2,1,1,1,1,2,1,5,1,1.6,1.25,1.25
1171,Männlich,2,1,2,2,2,2,1,1,1,1,2,1,1,1,1,1,5,1,1.8,1.25,1
1172,Männlich,3,3,2,2,2,2,2,2,2,2,3,2,2,2,2,2,4,2,2.4,2.125,2
1174,Weiblich,2,2,1,3,2,1,1,1,1,1,1,2,1,1,2,2,3,3,2,1.125,2
1175,Männlich,2,1,2,2,2,2,2,2,1,1,1,1,2,4,4,4,4,2,1.8,1.5,3.5
1176,Weiblich,3,2,3,2,2,1,1,1,1,2,2,2,1,1,1,1,5,1,2.4,1.375,1
1177,Weiblich,1,1,1,1,2,1,2,2,1,3,1,2,1,1,1,1,1,5,1.2,1.625,2
1178,Männlich,4,3,3,3,3,3,3,3,4,3,3,3,3,1,1,1,5,1,3.2,3.125,1
1179,Männlich,2,2,2,2,2,1,2,1,1,1,3,3,2,1,1,1,4,2,2,1.75,1.25
1180,Männlich,2,2,2,2,2,2,2,2,2,2,2,2,2,3,3,3,3,3,2,2,3
1181,Weiblich,4,4,4,3,4,2,3,2,3,3,3,3,3,1,1,2,3,3,3.8,2.75,1.75
1182,Weiblich,3,2,2,2,3,1,1,3,1,1,1,1,1,2,1,1,5,1,2.4,1.25,1.25
1183,Weiblich,1,1,1,2,1,2,3,1,1,3,2,2,2,1,1,1,4,2,1.2,2,1.25
1184,Weiblich,3,3,3,2,3,2,3,3,4,2,2,2,2,3,2,2,4,2,2.8,2.5,2.25
1185,Männlich,2,2,1,2,2,1,2,2,1,2,2,2,1,1,1,1,5,1,1.8,1.625,1
1186,Männlich,2,2,1,3,1,1,3,2,1,2,2,3,2,2,1,2,3,3,1.8,2,2
1187,Männlich,2,2,2,2,2,2,2,1,2,1,2,2,1,1,1,4,4,2,2,1.625,2
1188,Männlich,1,1,2,1,1,1,2,1,1,3,1,3,1,1,1,2,4,2,1.2,1.625,1.5
1189,Männlich,3,3,2,2,4,1,2,1,2,1,1,1,2,1,1,1,5,1,2.8,1.375,1
1190,Weiblich,3,2,1,2,2,1,4,3,1,4,4,3,2,1,1,1,5,1,2,2.75,1
1191,Weiblich,4,4,2,3,4,2,2,2,4,3,3,3,1,1,1,1,5,1,3.4,2.5,1
1192,Weiblich,2,2,2,2,3,2,2,3,4,3,4,3,1,1,1,1,3,3,2.2,2.75,1.5
1193,Weiblich,3,2,1,1,2,1,2,2,1,3,2,3,1,2,1,1,5,1,1.8,1.875,1.25
1194,Männlich,3,3,3,2,2,1,1,1,1,1,2,1,1,1,1,1,5,1,2.6,1.125,1
1195,Männlich,2,1,1,1,1,1,2,2,3,3,2,3,1,2,2,2,4,2,1.2,2.125,2
1196,Weiblich,2,1,2,2,1,2,4,2,1,3,2,4,1,1,1,2,5,1,1.6,2.375,1.25
1197,Männlich,4,4,2,3,4,1,2,3,3,3,3,3,2,2,1,3,4,2,3.4,2.5,2
1198,Weiblich,3,3,3,3,3,2,3,3,2,3,4,3,1,2,3,1,5,1,3,2.625,1.75
1199,Weiblich,2,3,2,2,3,1,2,1,2,1,2,1,1,1,1,1,5,1,2.4,1.375,1
1200,Weiblich,3,3,3,3,3,1,3,2,2,4,4,3,2,2,3,2,5,1,3,2.625,2
1201,Weiblich,1,4,2,3,2,4,2,3,2,3,2,2,4,5,3,2,2,4,2.4,2.75,3.5
1202,Männlich,2,2,1,1,1,1,2,2,1,2,1,3,1,1,1,1,4,2,1.4,1.625,1.25
1203,Weiblich,3,3,2,2,3,2,4,3,3,2,1,3,1,1,1,1,5,1,2.6,2.375,1
1204,Männlich,2,2,2,2,1,1,2,1,1,3,2,2,1,1,1,1,5,1,1.8,1.625,1
1205,Männlich,2,2,2,3,3,1,3,2,2,2,2,2,2,4,5,3,2,4,2.4,2,4
1206,Weiblich,3,1,1,1,1,1,2,3,1,3,2,3,1,1,1,1,5,1,1.4,2,1
1207,Weiblich,3,3,2,3,3,2,2,2,2,3,3,3,3,1,3,3,3,3,2.8,2.5,2.5
1208,Weiblich,2,2,2,3,2,1,1,2,2,3,2,3,2,1,1,2,3,3,2.2,2,1.75
1210,Weiblich,3,2,3,4,1,3,2,2,1,4,1,3,1,1,1,3,1,5,2.6,2.125,2.5
1211,Männlich,2,1,2,4,2,1,1,2,1,3,1,3,1,1,1,1,4,2,2.2,1.625,1.25
1212,Weiblich,2,1,1,1,1,1,4,4,2,2,3,4,1,4,3,3,3,3,1.2,2.625,3.25
1213,Weiblich,4,4,2,3,3,3,4,3,2,2,3,2,2,1,1,1,5,1,3.2,2.625,1
1214,Weiblich,3,3,3,3,3,3,3,2,4,3,3,3,2,1,4,1,5,1,3,2.875,1.75
1215,Männlich,2,2,2,2,2,1,2,2,1,3,2,2,2,1,1,1,4,2,2,1.875,1.25
1216,Männlich,2,2,1,2,2,1,1,1,2,2,2,3,2,1,1,1,5,1,1.8,1.75,1
1217,Weiblich,3,1,1,1,2,2,3,4,1,4,3,2,3,1,2,2,3,3,1.6,2.75,2
1219,Weiblich,2,1,2,2,1,1,2,1,3,1,3,1,3,1,1,2,3,3,1.6,1.875,1.75
1220,Männlich,2,2,1,2,1,2,1,1,1,4,2,2,2,2,2,3,5,1,1.6,1.875,2
1221,Weiblich,2,2,2,2,1,1,1,4,1,2,1,2,1,1,2,5,4,2,1.8,1.625,2.5
1222,Weiblich,3,4,3,3,3,1,3,3,3,4,3,4,2,1,1,1,5,1,3.2,2.875,1
1223,Männlich,1,2,1,1,1,1,1,2,1,1,2,1,2,1,1,1,5,1,1.2,1.375,1
1224,Weiblich,3,3,3,3,3,3,4,3,3,1,4,2,2,2,3,3,4,2,3,2.75,2.5
1225,Weiblich,4,3,1,2,1,1,4,4,1,4,1,4,1,1,1,1,5,1,2.2,2.5,1
1226,Männlich,2,1,1,1,1,1,1,2,2,2,2,3,2,1,1,1,3,3,1.2,1.875,1.5
1227,Weiblich,2,2,1,2,1,2,2,1,1,3,2,2,1,2,1,1,4,2,1.6,1.75,1.5
1228,Weiblich,2,2,2,2,2,2,3,3,2,2,2,3,2,1,2,3,4,2,2,2.375,2
1229,Weiblich,3,3,2,3,2,3,3,2,3,3,3,3,3,1,1,1,5,1,2.6,2.875,1
1230,Weiblich,2,2,2,1,2,1,4,4,2,3,1,1,1,1,1,1,3,3,1.8,2.125,1.5
1232,Männlich,2,2,2,2,2,2,2,1,1,2,2,2,1,1,2,2,3,3,2,1.625,2
1233,Männlich,2,2,1,2,2,1,1,1,1,2,2,3,2,1,1,1,5,1,1.8,1.625,1
1234,Weiblich,2,3,1,1,1,1,3,1,1,2,1,1,2,1,1,1,1,5,1.6,1.5,2
1235,Männlich,3,3,3,3,3,3,3,3,2,2,2,2,2,1,1,2,4,2,3,2.375,1.5
1236,Männlich,2,2,3,2,2,1,1,3,2,1,2,3,2,2,1,1,5,1,2.2,1.875,1.25
1237,Weiblich,2,2,2,2,1,2,3,2,2,3,2,2,2,4,3,2,4,2,1.8,2.25,2.75
1238,Weiblich,3,3,2,3,4,3,3,1,4,1,4,1,2,2,1,2,5,1,3,2.375,1.5
1239,Männlich,2,2,1,2,2,1,1,1,3,3,1,2,1,2,1,3,4,2,1.8,1.625,2
1240,Männlich,1,2,1,1,1,4,1,1,4,1,1,2,2,1,5,5,2,4,1.2,2,3.75
1241,Männlich,2,2,2,2,2,2,2,2,2,3,2,2,3,1,2,2,2,4,2,2.25,2.25
1242,Männlich,1,2,1,1,1,1,2,1,1,2,2,2,1,2,1,1,2,4,1.2,1.5,2
1243,Männlich,1,4,1,1,2,1,1,1,1,1,1,1,1,2,2,2,3,3,1.8,1,2.25
1244,Weiblich,2,2,3,3,2,2,2,2,1,3,2,3,2,2,2,1,5,1,2.4,2.125,1.5
1246,Männlich,1,2,2,2,3,1,2,2,2,2,3,3,2,1,1,5,4,2,2,2.125,2.25
1247,Weiblich,2,1,2,2,1,1,2,1,1,1,2,1,1,1,1,1,5,1,1.6,1.25,1
1248,Weiblich,2,2,2,2,1,1,4,1,1,2,3,2,2,1,1,1,5,1,1.8,2,1
1249,Weiblich,3,4,3,4,3,2,4,2,4,3,4,3,2,1,1,2,5,1,3.4,3,1.25
1250,Weiblich,3,3,2,2,2,3,3,2,3,2,4,2,2,1,2,1,3,3,2.4,2.625,1.75
1251,Männlich,2,2,2,2,1,1,2,2,2,2,2,2,2,1,1,1,5,1,1.8,1.875,1
1252,Weiblich,2,2,2,2,2,1,3,2,1,2,2,2,2,1,1,1,4,2,2,1.875,1.25
1253,Weiblich,3,3,2,2,2,2,3,1,3,3,2,2,1,2,1,1,4,2,2.4,2.125,1.5
1254,Männlich,4,4,1,2,2,3,2,4,4,3,3,4,4,3,5,5,5,1,2.6,3.375,3.5
1255,Männlich,2,3,3,4,2,2,3,1,1,1,2,1,2,1,1,1,4,2,2.8,1.625,1.25
1256,Männlich,2,2,1,1,1,3,3,2,1,1,1,2,1,1,1,1,5,1,1.4,1.75,1
1257,Weiblich,2,2,1,2,1,1,2,2,1,2,1,1,1,1,1,1,4,2,1.6,1.375,1.25
1258,Männlich,3,2,2,2,2,3,3,4,2,2,2,2,2,1,2,2,5,1,2.2,2.5,1.5
1259,Weiblich,3,2,2,2,2,1,3,2,2,3,1,1,1,1,1,4,2,4,2.2,1.75,2.5
1260,Männlich,3,3,2,3,3,2,3,3,2,4,3,3,2,2,2,3,1,5,2.8,2.75,3
1261,Männlich,2,2,2,2,2,1,2,1,1,3,2,3,3,1,1,1,4,2,2,2,1.25
1263,Männlich,3,3,2,2,4,4,4,3,4,3,4,3,4,1,1,1,5,1,2.8,3.625,1
1264,Weiblich,3,4,3,3,2,3,3,2,1,4,4,4,2,1,1,1,5,1,3,2.875,1
1265,Männlich,3,2,3,1,2,3,3,3,2,2,3,2,2,2,4,3,5,1,2.2,2.5,2.5
1266,Weiblich,3,2,2,2,2,3,3,2,2,1,2,1,1,1,1,1,3,3,2.2,1.875,1.5
1268,Männlich,1,1,1,2,2,1,3,1,1,3,3,4,2,1,1,2,5,1,1.4,2.25,1.25
1269,Männlich,4,2,3,2,1,1,2,2,1,2,1,1,1,1,1,1,3,3,2.4,1.375,1.5
1270,Männlich,3,3,1,2,3,1,3,2,3,3,2,2,2,1,1,1,5,1,2.4,2.25,1
1271,Männlich,3,2,1,1,1,1,3,3,1,1,1,2,1,1,2,2,5,1,1.6,1.625,1.5
1272,Männlich,2,2,3,2,2,1,3,3,2,2,1,3,2,1,1,1,3,3,2.2,2.125,1.5
1273,Männlich,3,3,2,2,2,2,3,4,3,2,3,1,2,1,1,3,5,1,2.4,2.5,1.5
1274,Männlich,2,3,3,3,2,3,3,4,4,4,3,3,3,3,4,3,3,3,2.6,3.375,3.25
1275,Männlich,2,2,1,3,1,2,2,1,1,2,2,1,1,1,1,1,5,1,1.8,1.5,1
1276,Weiblich,2,2,2,3,2,2,1,1,1,2,2,2,1,2,2,3,3,3,2.2,1.5,2.5
1277,Männlich,2,2,2,2,2,2,2,2,2,2,2,3,2,1,1,2,4,2,2,2.125,1.5
1278,Weiblich,3,2,2,2,2,3,3,3,2,2,2,3,2,2,2,2,3,3,2.2,2.5,2.25
1279,Männlich,3,2,1,2,2,1,2,3,3,1,3,2,2,1,1,1,5,1,2,2.125,1
1280,Weiblich,2,3,2,2,2,3,3,2,3,3,2,3,3,1,1,1,5,1,2.2,2.75,1
1281,Weiblich,1,1,2,1,1,3,3,2,1,3,2,3,1,1,2,1,5,1,1.2,2.25,1.25
1282,Männlich,3,3,2,3,2,2,1,1,2,3,2,3,3,1,1,1,4,2,2.6,2.125,1.25
1283,Weiblich,2,3,2,3,3,2,3,2,2,2,3,3,2,2,3,2,3,3,2.6,2.375,2.5
1284,Männlich,2,2,2,2,2,1,3,1,1,3,1,1,1,1,1,1,5,1,2,1.5,1
1285,Männlich,2,2,1,2,2,2,3,3,2,3,3,3,2,2,1,2,3,3,1.8,2.625,2
1286,Männlich,1,1,1,2,1,2,2,2,1,2,3,3,1,1,2,2,3,3,1.2,2,2
1287,Männlich,1,3,4,4,3,3,4,3,4,3,4,4,4,1,1,5,5,1,3,3.625,2
1288,Weiblich,3,3,2,3,1,1,2,1,1,3,1,2,1,1,1,1,5,1,2.4,1.5,1
1289,Weiblich,2,1,1,2,1,3,4,2,1,3,4,3,3,1,1,1,4,2,1.4,2.875,1.25
1290,Männlich,2,2,1,1,1,1,3,2,1,4,1,3,2,1,3,1,4,2,1.4,2.125,1.75
1291,Männlich,2,1,2,2,1,1,1,2,1,2,1,1,1,1,2,1,5,1,1.6,1.25,1.25
1292,Männlich,1,1,1,2,1,1,2,2,1,2,2,2,1,1,1,1,4,2,1.2,1.625,1.25
1293,Weiblich,2,2,2,1,1,2,3,1,1,2,2,2,3,1,2,2,5,1,1.6,2,1.5
1294,Männlich,1,1,2,1,1,2,2,1,1,4,1,4,1,1,1,1,5,1,1.2,2,1
1295,Weiblich,3,2,2,2,2,3,3,3,3,2,2,2,2,2,1,4,4,2,2.2,2.5,2.25
1296,Männlich,2,2,2,1,1,1,2,2,1,1,1,4,1,4,5,5,4,2,1.6,1.625,4
1297,Männlich,3,4,2,3,3,2,4,3,1,2,3,2,3,1,2,2,5,1,3,2.5,1.5
1298,Männlich,4,4,2,2,4,4,2,3,4,3,3,4,3,1,1,2,4,2,3.2,3.25,1.5
1299,Männlich,3,3,3,2,3,2,3,2,3,4,3,3,2,1,1,2,5,1,2.8,2.75,1.25
1301,Männlich,3,2,2,2,2,2,3,3,3,2,3,3,3,1,1,1,4,2,2.2,2.75,1.25
1302,Weiblich,2,2,1,1,1,2,3,1,1,1,1,1,1,1,1,1,5,1,1.4,1.375,1
1303,Weiblich,3,2,1,2,2,2,2,2,4,2,3,3,3,3,2,1,5,1,2,2.625,1.75
1304,Weiblich,2,2,2,2,2,2,4,1,2,2,2,2,1,1,1,1,4,2,2,2,1.25
1305,Männlich,2,2,1,2,2,2,2,1,1,2,1,1,1,3,1,3,3,3,1.8,1.375,2.5
1306,Weiblich,3,3,2,3,2,2,3,3,2,3,3,4,1,1,1,1,5,1,2.6,2.625,1
1307,Männlich,2,3,3,3,3,2,3,3,2,3,3,3,3,3,4,5,3,3,2.8,2.75,3.75
1308,Weiblich,2,2,1,1,1,2,2,1,2,1,2,1,3,2,2,1,3,3,1.4,1.75,2
1309,Weiblich,3,2,2,1,1,2,1,1,1,1,1,1,1,1,1,1,5,1,1.8,1.125,1
1310,Männlich,2,2,2,2,2,2,3,2,2,2,3,2,2,2,1,2,3,3,2,2.25,2
1311,Weiblich,2,2,2,2,3,1,3,4,3,2,3,3,2,1,3,4,3,3,2.2,2.625,2.75
1312,Weiblich,2,2,1,1,1,1,4,4,1,2,1,1,1,2,2,2,5,1,1.4,1.875,1.75
2001,Weiblich,2,2,2,2,2,2,3,1,2,1,2,2,1,1,1,2,4,2,2,1.75,1.5
2002,Männlich,2,3,2,3,2,1,1,1,2,1,1,1,1,1,1,1,1,5,2.4,1.125,2
2003,Männlich,2,1,2,1,1,2,2,1,2,3,2,2,1,2,1,3,4,2,1.4,1.875,2
2004,Männlich,3,3,3,3,3,1,3,4,1,4,2,4,2,1,1,1,1,5,3,2.625,2
2005,Weiblich,2,2,2,2,2,2,4,2,4,2,3,3,1,1,1,1,4,2,2,2.625,1.25
2006,Männlich,1,1,1,2,1,1,2,2,1,1,2,2,1,1,1,1,5,1,1.2,1.5,1
2007,Männlich,2,3,3,1,3,3,3,3,4,4,1,4,1,1,NA,1,5,1,2.4,2.875,1
2008,Männlich,2,2,2,1,1,1,3,3,2,4,1,4,3,1,2,2,4,2,1.6,2.625,1.75
2009,Weiblich,2,1,1,1,1,2,3,3,1,1,2,4,3,1,1,1,5,1,1.2,2.375,1
2010,Männlich,3,3,2,2,2,2,1,3,2,3,2,3,2,1,1,2,4,2,2.4,2.25,1.5
2011,Männlich,1,1,2,1,1,2,2,1,3,3,2,2,2,2,2,4,4,2,1.2,2.125,2.5
2012,Männlich,2,2,1,2,1,1,2,2,1,4,3,3,1,1,1,1,4,2,1.6,2.125,1.25
2013,Männlich,2,2,3,1,2,1,3,2,2,2,2,3,2,1,1,1,5,1,2,2.125,1
2014,Männlich,3,1,1,1,1,1,2,2,3,1,3,1,2,1,1,2,3,3,1.4,1.875,1.75
2015,Männlich,2,3,2,3,2,2,3,3,2,2,3,2,3,4,3,4,4,2,2.4,2.5,3.25
2016,,2,2,2,2,2,1,3,2,2,4,3,3,2,1,1,1,5,1,2,2.5,1
2018,Weiblich,2,2,2,3,2,1,3,3,2,3,3,3,3,1,1,3,1,5,2.2,2.625,2.5
2019,Weiblich,3,2,3,2,3,2,1,1,1,1,3,2,2,1,2,3,2,4,2.6,1.625,2.5
2020,Männlich,3,3,2,2,3,3,2,2,2,2,3,3,2,2,3,4,2,4,2.6,2.375,3.25
2021,Weiblich,3,3,2,3,3,2,3,2,3,2,3,3,2,3,2,3,3,3,2.8,2.5,2.75
2022,Weiblich,2,3,1,2,2,2,2,3,1,2,3,2,1,1,1,1,5,1,2,2,1
2023,Männlich,2,2,2,3,2,3,2,2,3,1,3,4,3,3,2,3,4,2,2.2,2.625,2.5
2024,Männlich,3,4,1,2,1,4,3,4,3,4,3,4,3,4,4,5,4,2,2.2,3.5,3.75
2026,Weiblich,2,1,1,1,1,1,2,2,2,2,1,2,1,1,1,1,5,1,1.2,1.625,1
2028,,2,2,1,3,1,2,3,2,3,2,2,2,1,2,1,3,5,1,1.8,2.125,1.75
2029,Weiblich,2,2,2,1,1,1,2,2,1,1,1,1,1,1,1,3,5,1,1.6,1.25,1.5
2030,Männlich,2,4,2,4,2,2,1,2,3,4,3,4,4,3,2,5,4,2,2.8,2.875,3
2031,Weiblich,2,3,2,3,2,3,2,2,1,3,2,1,1,1,1,1,5,1,2.4,1.875,1
2032,Männlich,2,2,2,1,2,1,1,2,1,1,1,1,2,1,1,1,4,2,1.8,1.25,1.25
2034,Weiblich,3,2,2,2,3,3,4,3,3,2,3,3,3,3,4,3,3,3,2.4,3,3.25
2035,Männlich,2,3,3,3,1,3,3,2,1,4,2,3,2,1,1,1,5,1,2.4,2.5,1
2036,Männlich,2,2,2,2,2,1,3,4,3,4,3,4,1,1,1,1,2,4,2,2.875,1.75
2038,Männlich,3,3,2,3,3,3,4,3,4,3,4,3,4,4,3,5,3,3,2.8,3.5,3.75
2039,Weiblich,2,3,1,2,2,4,1,3,3,1,2,4,2,1,2,1,1,5,2,2.5,2.25
2040,Männlich,2,2,2,1,1,1,3,1,2,3,3,3,2,2,2,2,1,5,1.6,2.25,2.75
2041,Weiblich,2,2,3,3,2,3,2,3,2,3,2,3,2,4,3,2,2,4,2.4,2.5,3.25
2042,Männlich,2,2,1,2,2,1,2,2,1,2,1,2,1,3,3,3,3,3,1.8,1.5,3
2043,Männlich,3,4,3,4,3,2,3,2,3,4,3,3,2,4,2,3,2,4,3.4,2.75,3.25
2044,Weiblich,3,2,1,1,2,2,2,2,2,2,2,2,2,3,2,3,4,2,1.8,2,2.5
2045,Weiblich,1,1,2,1,2,1,3,3,1,1,1,1,1,1,1,1,5,1,1.4,1.5,1
2046,Weiblich,2,2,2,1,2,2,4,3,1,2,1,2,1,1,1,2,4,2,1.8,2,1.5
2047,Männlich,4,2,2,2,2,4,4,4,3,3,4,3,4,5,5,5,5,1,2.4,3.625,4
2048,Männlich,3,2,2,3,2,2,3,4,4,3,4,3,3,1,1,1,4,2,2.4,3.25,1.25
2050,Männlich,1,2,1,1,1,1,4,1,1,1,1,2,1,3,2,2,3,3,1.2,1.5,2.5
2051,Weiblich,2,2,3,3,2,3,2,2,3,3,3,3,3,1,1,1,5,1,2.4,2.75,1
2053,Weiblich,2,2,1,2,3,1,3,2,1,1,3,3,1,1,1,1,5,1,2,1.875,1
2054,Weiblich,4,4,2,4,2,3,3,3,4,3,3,3,2,1,1,1,5,1,3.2,3,1
2055,Männlich,2,2,2,2,2,1,2,2,1,2,1,2,1,1,1,1,5,1,2,1.5,1
2056,Männlich,4,3,3,4,4,4,4,3,4,4,3,4,4,5,5,5,5,1,3.6,3.75,4
2057,Weiblich,3,4,2,3,3,4,4,4,3,4,4,4,4,1,1,1,5,1,3,3.875,1
2058,Weiblich,3,4,2,4,3,3,2,3,3,3,4,4,3,1,1,1,5,1,3.2,3.125,1
2059,Weiblich,2,2,2,2,3,1,3,3,2,3,4,3,1,1,1,1,5,1,2.2,2.5,1
2060,Weiblich,3,2,2,1,2,3,4,4,2,4,4,4,1,1,1,1,5,1,2,3.25,1
2061,Männlich,2,2,2,2,1,2,2,1,1,2,1,2,2,1,1,1,5,1,1.8,1.625,1
2062,Weiblich,3,2,2,2,2,1,2,3,3,3,2,2,2,1,1,1,4,2,2.2,2.25,1.25
2063,Männlich,2,2,2,3,2,3,3,2,1,3,1,1,1,1,1,1,4,2,2.2,1.875,1.25
2064,Weiblich,4,4,2,3,3,3,2,4,3,4,4,3,2,4,5,4,3,3,3.2,3.125,4
2065,Männlich,3,4,2,2,3,3,3,4,2,2,3,4,3,4,5,3,4,2,2.8,3,3.5
2066,Weiblich,3,1,1,3,1,3,2,2,3,2,2,3,2,2,2,3,3,3,1.8,2.375,2.5
2067,Weiblich,1,1,1,1,2,2,2,1,1,2,1,1,1,1,1,4,5,1,1.2,1.375,1.75
2068,Weiblich,2,2,2,2,1,1,2,3,1,3,2,2,2,2,2,2,4,2,1.8,2,2
2069,Männlich,2,1,2,1,1,1,1,1,1,3,1,4,1,1,2,1,4,2,1.4,1.625,1.5
2070,Weiblich,2,2,2,2,1,1,2,2,1,2,1,2,1,1,1,1,4,2,1.8,1.5,1.25
2071,Weiblich,3,3,2,3,2,1,1,1,1,1,1,1,1,1,1,1,5,1,2.6,1,1
2072,Weiblich,3,2,2,3,3,4,4,4,3,2,4,2,2,2,2,3,3,3,2.6,3.125,2.5
2073,Männlich,4,3,4,3,3,4,4,3,4,3,4,3,4,4,3,3,3,3,3.4,3.625,3.25
2074,Männlich,2,1,2,1,1,2,2,2,1,1,1,1,1,1,1,3,3,3,1.4,1.375,2
2075,Männlich,2,2,3,2,3,1,3,2,1,4,3,1,1,4,2,4,3,3,2.4,2,3.25
2076,Männlich,1,2,2,2,2,2,2,3,1,2,2,3,2,4,5,2,3,3,1.8,2.125,3.5
2078,Männlich,1,1,2,1,1,1,2,2,1,3,1,2,1,1,1,1,3,3,1.2,1.625,1.5
2079,Weiblich,3,3,2,4,3,2,2,2,1,3,3,3,3,5,1,1,5,1,3,2.375,2
2080,Weiblich,3,3,2,1,2,1,3,1,3,3,2,2,1,2,1,2,3,3,2.2,2,2
2081,Männlich,2,2,2,2,1,4,4,2,3,2,2,2,2,3,4,5,4,2,1.8,2.625,3.5
2082,Weiblich,3,2,2,2,2,1,2,1,1,1,1,1,1,1,1,1,5,1,2.2,1.125,1
2083,Männlich,3,2,2,2,1,3,4,1,3,1,3,4,1,4,3,3,1,5,2,2.5,3.75
2084,Männlich,4,3,2,3,3,2,4,4,3,3,4,4,4,1,5,5,3,3,3,3.5,3.5
2085,Weiblich,2,3,3,2,2,3,3,2,2,3,3,2,2,3,1,3,4,2,2.4,2.5,2.25
2086,Weiblich,3,3,4,2,2,2,2,2,2,3,2,3,2,1,1,1,4,2,2.8,2.25,1.25
2087,Weiblich,2,2,2,2,3,2,3,2,2,3,3,2,2,2,1,1,5,1,2.2,2.375,1.25
2088,Weiblich,3,2,2,1,2,1,3,1,1,1,2,1,1,1,1,1,5,1,2,1.375,1
2089,Männlich,3,3,2,3,3,1,2,3,3,3,3,3,3,1,3,2,3,3,2.8,2.625,2.25
2090,Männlich,3,3,3,3,4,2,4,3,3,1,4,1,3,1,1,2,2,4,3.2,2.625,2
2091,Männlich,3,3,1,1,1,1,4,3,1,3,3,3,1,1,1,1,5,1,1.8,2.375,1
2092,Männlich,3,3,2,2,4,2,2,1,1,4,1,4,1,3,3,3,3,3,2.8,2,3
2093,Männlich,4,4,3,1,2,1,3,2,4,4,3,4,1,1,1,1,2,4,2.8,2.75,1.75
2094,Männlich,2,2,3,2,2,4,1,2,3,3,2,2,3,3,4,3,3,3,2.2,2.5,3.25
2095,Männlich,2,2,2,2,2,3,3,3,4,3,3,3,3,3,2,2,4,2,2,3.125,2.25
2096,Männlich,4,4,2,4,3,4,4,3,4,4,3,4,4,5,5,4,5,1,3.4,3.75,3.75
2097,Männlich,2,2,1,2,2,2,2,3,2,3,2,3,2,2,1,2,4,2,1.8,2.375,1.75
2098,Männlich,2,2,2,2,2,1,1,1,1,1,1,1,1,1,1,1,5,1,2,1,1
2099,Weiblich,2,2,2,1,2,1,2,1,1,3,1,1,1,2,2,2,4,2,1.8,1.375,2
2100,Weiblich,2,2,2,2,2,3,3,3,3,3,3,4,1,1,1,1,5,1,2,2.875,1
2101,Männlich,2,2,1,2,1,2,2,3,1,3,2,2,1,1,1,3,5,1,1.6,2,1.5
2102,Männlich,2,3,2,2,1,2,3,1,1,3,1,3,1,1,3,3,2,4,2,1.875,2.75
2103,Männlich,3,4,1,4,2,3,2,2,2,3,2,4,2,2,2,3,5,1,2.8,2.5,2
2104,Weiblich,2,2,2,3,4,1,1,3,2,3,4,3,3,4,4,3,1,5,2.6,2.5,4
2105,Männlich,1,3,3,2,3,2,2,3,2,3,2,3,4,3,3,4,4,2,2.4,2.625,3
2106,Weiblich,2,2,2,2,3,3,3,2,4,3,3,3,2,1,1,3,5,1,2.2,2.875,1.5
2107,Männlich,1,2,1,1,2,2,2,2,2,4,4,3,1,1,1,1,5,1,1.4,2.5,1
2108,Männlich,2,2,1,2,1,1,1,1,1,1,1,1,1,1,1,2,5,1,1.6,1,1.25
2109,Weiblich,2,1,1,1,2,2,1,1,1,1,2,1,1,1,1,1,5,1,1.4,1.25,1
2110,Männlich,2,2,2,1,2,1,2,2,2,3,3,4,3,1,1,1,4,2,1.8,2.5,1.25
2111,Weiblich,2,2,2,1,2,1,4,2,1,3,1,4,1,1,1,2,5,1,1.8,2.125,1.25
2112,Männlich,1,1,1,2,1,1,3,4,1,2,3,3,2,1,1,2,4,2,1.2,2.375,1.5
2115,Männlich,1,2,2,2,2,1,1,1,1,2,2,2,1,1,1,1,5,1,1.8,1.375,1
2116,Männlich,2,3,2,2,3,1,3,1,3,4,1,2,1,1,1,1,1,5,2.4,2,2
2117,Männlich,2,1,3,2,2,1,2,3,2,2,3,3,1,4,4,2,4,2,2,2.125,3
2119,Männlich,2,2,1,1,1,1,3,3,1,4,1,4,1,1,1,1,4,2,1.4,2.25,1.25
2120,Männlich,1,1,2,1,3,3,2,2,3,2,2,4,3,1,2,4,3,3,1.6,2.625,2.5
2121,Männlich,4,3,3,3,3,2,3,3,2,1,2,3,2,1,1,1,5,1,3.2,2.25,1
2122,Männlich,4,1,1,1,1,2,3,1,1,1,1,1,1,1,2,5,5,1,1.6,1.375,2.25
2124,Männlich,3,3,2,3,2,2,3,2,2,2,3,3,2,3,2,3,3,3,2.6,2.375,2.75
2125,Weiblich,2,2,3,1,2,1,2,2,1,3,2,2,1,1,1,1,5,1,2,1.75,1
2126,Weiblich,2,1,2,1,1,2,1,1,1,1,2,1,2,1,1,1,5,1,1.4,1.375,1
2129,Männlich,2,1,1,1,1,2,2,2,2,2,2,2,2,1,1,2,5,1,1.2,2,1.25
2130,Weiblich,1,2,1,1,1,1,2,2,1,3,2,3,1,1,3,1,3,3,1.2,1.875,2
2131,Männlich,2,1,2,1,1,1,4,1,2,2,1,2,1,1,1,1,3,3,1.4,1.75,1.5
2132,Weiblich,4,3,1,2,2,2,4,2,4,2,3,3,2,3,3,5,1,5,2.4,2.75,4
2133,Männlich,1,2,2,1,1,2,3,2,1,1,1,2,3,4,1,3,1,5,1.4,1.875,3.25
2134,Weiblich,2,2,1,1,3,1,2,1,1,2,1,2,2,2,2,1,5,1,1.8,1.5,1.5
2135,Weiblich,3,3,3,3,4,1,2,2,3,2,3,2,1,1,1,1,5,1,3.2,2,1
2136,Weiblich,3,2,3,2,4,2,3,3,2,3,3,4,2,1,1,2,5,1,2.8,2.75,1.25
2137,Männlich,2,2,1,2,2,2,3,2,1,1,2,1,1,1,1,1,4,2,1.8,1.625,1.25
2138,Weiblich,3,4,1,4,2,2,4,4,4,4,4,4,4,1,1,1,4,2,2.8,3.75,1.25
2139,Männlich,1,4,2,2,3,4,4,4,4,4,4,3,4,4,3,5,4,2,2.4,3.875,3.5
2140,Weiblich,2,2,1,2,2,1,1,1,1,2,2,2,1,2,1,3,4,2,1.8,1.375,2
2141,Männlich,2,2,1,1,3,1,2,3,1,2,1,3,1,1,1,3,5,1,1.8,1.75,1.5
2142,Weiblich,2,2,4,4,1,4,4,4,4,4,4,4,1,1,1,1,5,1,2.6,3.625,1
2143,Weiblich,2,3,2,3,3,2,2,1,2,3,3,2,1,2,4,2,4,2,2.6,2,2.5
2144,Weiblich,2,1,2,2,1,1,3,3,1,2,1,1,1,1,1,1,4,2,1.6,1.625,1.25
2145,Männlich,3,2,1,2,2,2,3,3,2,3,2,2,2,1,2,1,4,2,2,2.375,1.5
2146,Männlich,2,2,1,2,2,2,3,2,3,3,4,3,4,2,1,3,5,1,1.8,3,1.75
2147,Weiblich,2,2,2,1,2,1,1,1,1,3,1,2,1,1,1,1,4,2,1.8,1.375,1.25
2148,Männlich,4,3,3,2,3,4,3,4,2,3,2,3,4,3,3,3,3,3,3,3.125,3
2149,Männlich,2,2,1,2,1,1,2,1,1,2,2,2,1,2,1,1,5,1,1.6,1.5,1.25
2150,Weiblich,2,2,2,2,2,1,2,2,2,2,1,1,1,1,1,1,3,3,2,1.5,1.5
2151,Weiblich,2,2,2,2,3,2,2,2,3,3,2,3,2,3,2,3,4,2,2.2,2.375,2.5
2152,Männlich,2,2,1,2,2,1,3,3,2,3,4,2,4,1,1,1,5,1,1.8,2.75,1
2153,Weiblich,2,2,2,1,2,1,1,1,1,1,1,1,1,1,1,1,5,1,1.8,1,1
2154,Weiblich,3,2,2,1,1,1,2,4,1,4,1,4,1,3,3,3,3,3,1.8,2.25,3
2155,Männlich,2,1,1,1,1,1,2,1,1,3,1,3,2,1,1,1,1,5,1.2,1.75,2
2156,Männlich,2,3,3,4,2,2,1,1,1,3,2,3,1,1,3,1,4,2,2.8,1.75,1.75
2157,Männlich,2,3,3,2,2,2,3,3,3,2,3,3,3,1,3,2,4,2,2.4,2.75,2
2158,Weiblich,1,2,2,2,2,1,3,1,1,2,3,2,2,1,2,1,3,3,1.8,1.875,1.75
2159,Weiblich,2,2,2,2,2,4,4,3,3,4,3,3,2,1,1,1,5,1,2,3.25,1
2160,Männlich,2,1,2,2,1,1,1,1,1,2,1,1,1,5,1,1,3,3,1.6,1.125,2.5
2162,Männlich,1,2,1,1,1,1,1,1,1,4,2,2,2,4,1,3,5,1,1.2,1.75,2.25
2163,Weiblich,3,3,2,2,3,4,2,1,4,1,4,3,2,1,1,1,5,1,2.6,2.625,1
2164,Weiblich,2,2,2,3,3,3,1,2,3,1,1,1,1,3,5,3,3,3,2.4,1.625,3.5
2165,Männlich,1,2,2,2,1,1,1,1,1,1,2,1,2,1,1,1,5,1,1.6,1.25,1
2167,Weiblich,3,3,2,2,1,3,2,2,3,2,3,2,2,1,1,1,5,1,2.2,2.375,1
2169,Männlich,4,4,3,4,4,4,3,2,3,4,3,3,3,3,4,2,4,2,3.8,3.125,2.75
2171,Männlich,2,3,2,2,2,1,2,2,2,3,3,2,3,1,1,1,4,2,2.2,2.25,1.25
2172,Weiblich,3,3,3,3,3,2,2,1,2,3,3,2,2,3,3,3,4,2,3,2.125,2.75
2173,Weiblich,3,2,3,2,2,2,2,1,1,1,2,2,2,1,1,1,5,1,2.4,1.625,1
2174,Weiblich,3,2,2,2,3,1,1,1,2,3,2,2,1,1,1,2,5,1,2.4,1.625,1.25
2175,Weiblich,1,1,2,1,1,1,2,2,1,3,1,2,1,1,1,1,5,1,1.2,1.625,1
2176,Weiblich,3,2,2,2,2,4,3,3,3,4,3,3,3,2,2,5,5,1,2.2,3.25,2.5
2178,Männlich,2,2,4,3,3,2,2,3,3,2,2,2,2,2,1,5,1,5,2.8,2.25,3.25
2179,Weiblich,1,2,3,1,2,3,4,4,1,4,4,4,4,1,1,1,4,2,1.8,3.5,1.25
2180,Männlich,2,1,1,1,1,1,1,1,1,2,1,2,1,1,1,1,4,2,1.2,1.25,1.25
2181,Männlich,3,3,2,2,2,2,3,3,2,2,2,3,2,4,3,4,3,3,2.4,2.375,3.5
2182,Weiblich,1,1,1,1,4,1,3,3,1,4,4,1,1,1,1,1,5,1,1.6,2.25,1
2183,Männlich,2,2,2,2,1,1,2,3,2,2,3,4,3,3,3,5,5,1,1.8,2.5,3
2184,Männlich,1,1,2,1,2,2,2,2,1,3,1,3,3,1,1,1,4,2,1.4,2.125,1.25
2185,Männlich,1,2,2,2,1,2,1,4,2,3,2,1,1,3,3,3,4,2,1.6,2,2.75
2186,Männlich,1,2,1,1,2,1,1,1,1,2,1,3,1,1,1,1,5,1,1.4,1.375,1
2187,Männlich,2,2,1,1,1,2,2,2,1,2,2,2,1,1,3,1,5,1,1.4,1.75,1.5
2189,Weiblich,2,2,2,2,2,2,2,1,1,4,3,3,2,1,1,1,4,2,2,2.25,1.25
2190,Weiblich,2,3,2,2,2,4,3,4,3,3,3,3,3,1,2,3,5,1,2.2,3.25,1.75
2191,Weiblich,3,3,3,2,3,2,3,3,2,2,2,2,2,2,1,4,2,4,2.8,2.25,2.75
2192,Männlich,1,2,2,2,2,1,1,1,1,1,1,1,1,2,1,1,4,2,1.8,1,1.5
2193,Weiblich,3,2,3,1,2,3,4,4,3,2,3,4,3,3,3,2,3,3,2.2,3.25,2.75
2194,Weiblich,2,2,1,2,1,3,3,2,2,3,2,2,3,1,1,1,4,2,1.6,2.5,1.25
2195,Männlich,2,1,2,1,1,2,2,2,2,3,2,3,2,2,3,3,3,3,1.4,2.25,2.75
2197,Weiblich,4,4,2,2,3,1,2,1,2,3,3,3,3,2,1,1,5,1,3,2.25,1.25
2198,Weiblich,2,2,2,2,3,2,2,3,3,3,3,3,4,3,3,3,4,2,2.2,2.875,2.75
2199,Männlich,3,2,1,3,2,2,4,2,1,3,3,4,2,4,2,4,2,4,2.2,2.625,3.5
2200,Weiblich,2,2,2,3,2,1,2,2,2,3,1,2,1,1,1,1,4,2,2.2,1.75,1.25
2201,Weiblich,2,1,1,1,1,1,2,2,1,3,1,3,1,2,1,1,5,1,1.2,1.75,1.25
2202,Männlich,3,2,2,2,3,1,2,2,1,3,2,2,2,1,1,1,3,3,2.4,1.875,1.5
2203,Weiblich,2,3,1,3,3,1,2,2,1,2,3,3,1,1,1,1,4,2,2.4,1.875,1.25
2204,Weiblich,2,1,2,2,2,2,3,2,1,4,2,3,2,1,1,1,NA,NA,1.8,2.375,1
2205,Männlich,2,2,1,1,1,1,4,2,1,2,1,3,1,1,2,1,3,3,1.4,1.875,1.75
2206,Weiblich,3,3,3,3,3,1,4,1,2,4,1,4,1,1,1,4,5,1,3,2.25,1.75
2207,Männlich,2,2,1,1,2,1,1,1,1,1,1,1,1,2,2,2,4,2,1.6,1,2
2208,Männlich,2,2,2,2,1,2,3,1,2,3,2,3,3,3,1,3,5,1,1.8,2.375,2
2209,Weiblich,2,2,4,2,1,2,1,1,1,3,4,4,2,1,1,3,5,1,2.2,2.25,1.5
2210,Weiblich,3,2,3,3,2,1,2,1,2,3,2,3,1,1,1,2,5,1,2.6,1.875,1.25
2211,Weiblich,3,3,3,3,3,2,2,2,2,3,3,3,3,1,1,1,4,2,3,2.5,1.25
2212,Weiblich,2,2,2,2,1,2,2,1,2,4,1,4,1,1,1,1,5,1,1.8,2.125,1
2213,Männlich,2,2,2,2,1,1,1,1,1,1,1,3,1,1,1,1,4,2,1.8,1.25,1.25
2214,Männlich,4,4,4,3,4,4,1,3,4,4,4,4,4,5,5,4,5,1,3.8,3.5,3.75
2215,Weiblich,3,2,3,3,NA,3,3,2,2,3,3,3,3,NA,NA,NA,NA,NA,2.75,2.75,NA
2216,Männlich,3,2,1,1,2,2,3,2,3,2,3,2,3,3,2,4,2,4,1.8,2.5,3.25
2217,Männlich,4,4,4,3,3,4,4,4,4,3,4,2,4,5,5,3,5,1,3.6,3.625,3.5
2218,Weiblich,3,4,3,3,2,3,3,1,1,4,3,3,3,5,5,5,4,2,3,2.625,4.25
2219,Weiblich,2,2,3,2,2,3,2,3,4,3,3,3,2,3,4,4,5,1,2.2,2.875,3
2220,Männlich,2,3,3,2,1,2,3,3,3,2,3,3,2,3,2,3,3,3,2.2,2.625,2.75
2221,Männlich,2,2,3,3,2,3,4,3,4,3,4,3,4,2,3,4,3,3,2.4,3.5,3
2222,Männlich,2,2,2,1,2,2,1,2,2,1,2,3,2,3,3,3,3,3,1.8,1.875,3
2223,Weiblich,1,2,2,2,1,2,2,3,2,2,2,1,2,1,2,1,5,1,1.6,2,1.25
2224,Männlich,1,1,2,1,1,1,1,1,1,2,1,1,1,1,1,1,4,2,1.2,1.125,1.25
2225,Weiblich,2,2,2,2,1,2,4,3,1,1,2,1,1,1,2,1,5,1,1.8,1.875,1.25
2226,Weiblich,3,3,3,4,4,2,3,3,3,3,4,3,1,1,1,1,5,1,3.4,2.75,1
2227,Weiblich,3,3,2,2,2,1,1,2,1,3,1,3,1,1,1,1,3,3,2.4,1.625,1.5
2230,Weiblich,4,3,2,2,3,2,2,1,3,2,3,3,1,1,1,1,5,1,2.8,2.125,1
2231,Weiblich,2,2,2,2,2,3,2,2,2,3,3,2,1,1,2,2,3,3,2,2.25,2
2232,Männlich,2,2,1,1,1,1,2,1,1,3,2,1,1,2,1,3,5,1,1.4,1.5,1.75
2233,Männlich,3,2,2,2,2,1,3,4,4,4,4,3,3,4,3,3,2,4,2.2,3.25,3.5
2234,Männlich,2,2,1,3,1,3,2,3,2,1,3,2,1,1,1,1,5,1,1.8,2.125,1
2235,Männlich,1,4,1,3,1,1,2,4,3,4,3,2,2,5,4,2,3,3,2,2.625,3.5
2236,Männlich,4,4,3,4,3,2,4,3,3,2,2,3,3,4,3,4,4,2,3.6,2.75,3.25
2237,Weiblich,3,3,3,3,3,2,2,3,4,4,4,3,1,1,1,1,4,2,3,2.875,1.25
2238,Weiblich,3,3,2,3,4,3,2,2,2,4,3,3,4,1,1,1,5,1,3,2.875,1
2239,Männlich,2,3,1,4,3,2,3,1,2,1,3,2,2,3,4,3,1,5,2.6,2,3.75
2240,Weiblich,3,3,NA,3,3,3,3,3,2,3,4,4,3,4,5,3,4,2,3,3.125,3.5
2241,Weiblich,2,2,1,1,1,2,3,2,1,2,2,2,2,1,1,1,3,3,1.4,2,1.5
2242,Männlich,2,2,2,2,2,2,2,2,1,1,2,2,1,2,1,3,4,2,2,1.625,2
2244,Weiblich,2,1,1,1,1,1,4,3,1,4,3,3,2,1,2,1,1,5,1.2,2.625,2.25
2245,Weiblich,3,3,3,3,4,3,2,4,2,3,1,2,3,2,3,4,3,3,3.2,2.5,3
2246,Weiblich,3,3,2,2,2,1,3,3,1,1,1,1,1,1,1,1,5,1,2.4,1.5,1
2247,Weiblich,2,1,3,2,2,1,2,2,1,4,2,4,2,1,1,3,3,3,2,2.25,2
2248,Weiblich,2,3,3,2,2,2,3,2,2,2,2,2,2,1,1,1,5,1,2.4,2.125,1
2249,Weiblich,3,4,2,4,3,1,4,3,2,3,2,3,2,2,3,2,5,1,3.2,2.5,2
2250,Männlich,2,2,2,1,1,1,3,2,1,3,1,3,3,1,2,4,3,3,1.6,2.125,2.5
2251,Weiblich,3,4,3,1,3,4,4,3,3,1,3,2,2,1,1,1,5,1,2.8,2.75,1
2252,Weiblich,2,2,1,2,2,3,2,2,2,3,2,3,1,1,1,1,5,1,1.8,2.25,1
2254,Weiblich,3,3,2,3,2,1,4,4,2,3,1,3,1,1,1,1,4,2,2.6,2.375,1.25
2255,Weiblich,2,4,2,4,2,4,4,1,1,1,1,1,1,1,1,1,5,1,2.8,1.75,1
2256,Männlich,2,1,1,1,1,2,3,3,2,4,3,4,3,3,2,3,2,4,1.2,3,3
2258,Weiblich,2,1,1,1,1,1,1,1,2,3,2,2,1,1,1,1,5,1,1.2,1.625,1
2259,Weiblich,2,2,2,3,2,1,2,1,1,2,3,3,1,1,1,1,5,1,2.2,1.75,1
2260,Männlich,2,1,1,2,1,2,3,1,2,1,1,2,1,1,2,2,4,2,1.4,1.625,1.75
2261,Weiblich,2,2,3,1,2,1,3,2,2,1,4,2,2,1,1,3,5,1,2,2.125,1.5
2262,Weiblich,3,3,1,2,1,1,4,4,2,2,2,2,1,1,1,1,1,5,2,2.25,2
2263,Weiblich,3,2,1,1,2,3,3,1,1,1,3,3,3,1,1,1,5,1,1.8,2.25,1
2266,Weiblich,2,2,3,2,2,3,2,2,3,2,2,3,3,1,1,2,5,1,2.2,2.5,1.25
2267,Männlich,2,2,3,2,2,2,2,2,2,2,1,1,2,3,3,3,3,3,2.2,1.75,3
2268,Weiblich,1,2,1,2,1,1,1,3,1,2,2,1,2,1,1,1,5,1,1.4,1.625,1
2269,Männlich,2,2,1,2,2,2,3,3,3,3,3,3,2,4,4,3,3,3,1.8,2.75,3.5
2270,Männlich,2,2,2,2,2,2,2,2,2,2,2,2,2,1,1,1,2,4,2,2,1.75
2271,Weiblich,2,3,2,1,2,2,3,2,2,2,2,2,2,1,1,1,5,1,2,2.125,1
2272,Männlich,2,4,2,4,1,2,4,3,2,3,4,4,1,3,3,4,3,3,2.6,2.875,3.25
2275,Weiblich,2,2,2,3,1,2,2,1,1,1,1,2,1,1,1,1,5,1,2,1.375,1
2276,Weiblich,4,4,4,3,4,1,3,1,1,3,4,4,1,1,1,1,5,1,3.8,2.25,1
2277,Weiblich,3,3,3,3,3,3,3,2,3,3,3,3,2,2,1,2,5,1,3,2.75,1.5
2278,Weiblich,3,3,1,2,3,1,4,3,3,4,4,4,3,1,1,1,5,1,2.4,3.25,1
2279,Männlich,2,1,1,2,2,2,2,3,1,3,2,2,2,1,2,1,4,2,1.6,2.125,1.5
2280,Weiblich,3,4,1,4,2,3,3,1,1,4,4,4,4,1,3,3,5,1,2.8,3,2
2281,Weiblich,3,3,3,4,2,1,3,3,2,3,3,3,2,2,1,1,5,1,3,2.5,1.25
2282,Männlich,3,2,1,2,2,1,2,2,3,2,2,1,2,3,2,3,3,3,2,1.875,2.75
2283,Männlich,3,2,2,2,2,1,3,2,1,2,2,2,1,1,1,1,5,1,2.2,1.75,1
2284,Männlich,2,2,1,1,1,1,2,1,2,4,2,2,2,1,1,1,5,1,1.4,2,1
2285,Weiblich,3,3,4,4,1,3,2,3,2,3,2,3,3,4,4,5,3,3,3,2.625,4
2286,Männlich,1,2,1,2,2,3,3,3,2,3,3,3,3,1,4,4,3,3,1.6,2.875,3
2287,Weiblich,2,2,1,2,2,3,2,1,1,1,2,1,1,1,1,1,5,1,1.8,1.5,1
2288,Weiblich,4,4,3,4,3,4,4,3,4,2,3,3,2,1,2,2,5,1,3.6,3.125,1.5
2289,Männlich,2,2,2,2,2,2,2,4,3,2,3,2,2,2,1,2,1,5,2,2.5,2.5
2290,Männlich,2,2,2,2,1,1,1,1,1,3,1,3,1,1,1,1,5,1,1.8,1.5,1
2291,Weiblich,2,3,2,2,2,1,1,1,1,2,1,1,1,1,1,1,5,1,2.2,1.125,1
2292,Männlich,3,3,2,3,2,1,2,2,1,2,1,2,1,1,1,1,5,1,2.6,1.5,1
2293,Männlich,2,3,2,3,1,1,3,3,1,3,3,3,2,1,1,1,3,3,2.2,2.375,1.5
2294,Weiblich,2,2,1,1,1,1,1,1,1,2,1,2,1,1,1,1,5,1,1.4,1.25,1
2295,Weiblich,3,3,2,3,3,2,3,1,2,1,2,1,1,1,1,1,5,1,2.8,1.625,1
2296,Weiblich,4,3,3,3,4,1,1,2,3,2,2,2,3,3,3,3,1,5,3.4,2,3.5
2297,Männlich,2,3,2,3,2,2,4,3,2,4,2,2,4,2,1,2,5,1,2.4,2.875,1.5
2298,Männlich,2,2,2,2,3,3,2,3,3,2,2,3,3,4,3,4,4,2,2.2,2.625,3.25
2299,Männlich,2,2,1,1,2,2,2,2,2,2,2,2,1,3,3,2,4,2,1.6,1.875,2.5
2300,Männlich,2,2,2,1,1,1,2,2,1,3,2,2,2,1,1,1,4,2,1.6,1.875,1.25
2301,Weiblich,3,3,3,3,3,3,4,4,2,2,3,3,3,1,1,1,4,2,3,3,1.25
2302,Männlich,2,2,2,2,2,2,2,1,3,2,2,1,3,1,2,2,5,1,2,2,1.5
2303,Männlich,3,2,2,4,2,2,3,3,3,2,2,3,3,3,3,3,3,3,2.6,2.625,3
2304,Weiblich,4,3,2,3,3,3,3,3,2,4,3,3,2,1,1,1,4,2,3,2.875,1.25
2305,Männlich,2,2,1,1,3,1,4,4,1,4,4,4,1,1,2,1,4,2,1.8,2.875,1.5
2306,Männlich,3,2,1,1,2,1,3,3,3,4,1,1,1,1,1,1,4,2,1.8,2.125,1.25
2307,Weiblich,2,2,2,2,2,2,3,1,1,2,1,2,1,1,1,1,5,1,2,1.625,1
2308,Weiblich,2,2,2,2,2,4,2,2,1,3,3,3,1,1,3,1,4,2,2,2.375,1.75
2309,Männlich,2,2,2,3,1,1,3,1,2,1,1,2,2,1,1,4,3,3,2,1.625,2.25
2310,Weiblich,3,3,1,2,2,1,4,2,1,4,1,4,1,1,1,1,5,1,2.2,2.25,1
2311,Männlich,2,2,1,1,1,1,2,2,1,3,2,3,1,1,1,1,5,1,1.4,1.875,1
2312,Weiblich,2,1,2,1,2,1,2,2,1,1,1,1,1,1,1,1,5,1,1.6,1.25,1
2313,Weiblich,3,3,3,3,2,3,3,4,3,4,4,4,3,1,1,1,5,1,2.8,3.5,1
2314,Weiblich,2,3,1,3,3,1,4,2,3,3,3,2,2,1,1,1,3,3,2.4,2.5,1.5
2315,Weiblich,3,4,3,4,3,3,3,3,3,3,3,3,3,4,4,4,4,2,3.4,3,3.5
2316,Männlich,2,2,2,2,1,1,2,1,2,3,1,3,1,1,2,1,3,3,1.8,1.75,1.75
2317,Männlich,2,NA,1,1,2,3,3,3,3,3,3,3,3,4,4,4,4,2,1.5,3,3.5
2318,Männlich,3,2,2,2,2,2,2,2,2,4,2,3,2,3,3,3,3,3,2.2,2.375,3
2321,Weiblich,3,2,2,1,2,1,2,2,1,3,1,1,1,1,1,1,5,1,2,1.5,1
2322,Weiblich,2,3,2,2,2,1,2,1,1,1,1,1,1,1,1,1,5,1,2.2,1.125,1
2325,Weiblich,3,4,3,4,4,3,3,3,2,2,2,2,2,1,1,1,5,1,3.6,2.375,1
2326,Männlich,3,3,2,3,2,2,3,2,3,3,1,4,1,2,1,3,4,2,2.6,2.375,2
2327,Männlich,3,3,4,3,2,2,3,3,3,3,4,4,3,4,4,4,3,3,3,3.125,3.75
2328,Weiblich,3,2,2,1,2,1,2,2,1,3,1,3,1,1,2,1,3,3,2,1.75,1.75
2329,Weiblich,2,2,2,2,3,4,3,2,2,3,2,3,1,2,2,2,5,1,2.2,2.5,1.75
2331,Männlich,2,3,2,2,1,3,3,3,2,3,3,3,3,5,4,2,4,2,2,2.875,3.25
2332,Weiblich,2,3,2,2,2,2,3,2,4,3,3,3,2,1,1,1,5,1,2.2,2.75,1
2333,Männlich,3,2,2,3,3,1,2,1,1,2,1,2,1,2,2,3,3,3,2.6,1.375,2.5
2334,Weiblich,2,2,1,1,1,4,3,3,2,2,3,NA,3,4,3,2,3,3,1.4,2.85714285714286,3
2335,Weiblich,2,1,1,1,1,1,3,2,1,1,1,1,1,1,1,2,3,3,1.2,1.375,1.75
2336,Weiblich,2,2,1,2,1,1,1,2,2,3,2,3,2,1,1,1,3,3,1.6,2,1.5
2337,Weiblich,3,3,2,4,2,3,3,4,2,3,3,4,3,3,3,2,3,3,2.8,3.125,2.75
2338,Männlich,2,2,2,1,2,1,2,1,1,2,1,1,1,1,1,2,3,3,1.8,1.25,1.75
2339,Männlich,2,2,2,1,2,1,2,2,1,4,2,3,2,1,2,3,3,3,1.8,2.125,2.25
2340,Männlich,1,1,2,2,1,1,1,1,1,2,2,2,1,1,1,1,5,1,1.4,1.375,1
2341,Weiblich,1,1,1,2,2,2,3,2,1,3,1,3,2,1,1,2,5,1,1.4,2.125,1.25
2342,,3,2,2,3,3,3,4,4,2,2,3,3,3,1,1,2,4,2,2.6,3,1.5
2343,Männlich,2,3,1,2,2,2,2,2,1,3,2,3,2,1,1,2,5,1,2,2.125,1.25
2344,Weiblich,3,3,2,3,3,1,2,3,3,2,2,1,2,1,1,1,5,1,2.8,2,1
2345,Männlich,2,2,2,2,2,1,2,2,2,3,2,2,1,1,1,1,5,1,2,1.875,1
2346,Männlich,3,3,2,3,3,3,4,4,2,4,2,2,3,3,3,3,2,4,2.8,3,3.25
2347,Weiblich,2,2,1,2,2,2,2,2,1,3,3,3,2,1,1,1,5,1,1.8,2.25,1
2348,Weiblich,3,3,3,3,3,2,4,3,3,2,3,3,2,1,1,1,5,1,3,2.75,1
2349,Männlich,2,2,2,1,1,1,1,2,1,3,3,2,1,1,1,1,5,1,1.6,1.75,1
2350,Weiblich,2,2,2,2,2,4,3,2,1,3,3,3,1,1,1,1,5,1,2,2.5,1
2351,Männlich,2,1,1,1,2,1,2,2,1,3,1,2,3,1,1,1,4,2,1.4,1.875,1.25
2352,Weiblich,3,2,4,3,2,1,3,2,1,1,3,2,3,1,1,1,5,1,2.8,2,1
2353,Weiblich,3,3,2,2,2,2,3,2,2,2,2,2,2,2,3,2,4,2,2.4,2.125,2.25
2354,Männlich,2,2,2,1,1,3,2,1,1,3,1,2,1,2,3,4,3,3,1.6,1.75,3
2355,Weiblich,2,2,2,2,2,1,3,1,1,2,2,3,1,1,1,1,5,1,2,1.75,1
2356,Männlich,3,3,2,3,2,3,3,3,2,2,3,4,3,2,4,2,2,4,2.6,2.875,3
2357,Männlich,1,2,2,1,1,2,2,2,1,2,2,2,2,2,1,1,2,4,1.4,1.875,2
2358,Männlich,2,3,1,1,1,1,1,2,3,2,2,2,2,1,1,2,3,3,1.6,1.875,1.75
2359,Männlich,2,3,2,3,2,1,3,2,2,3,2,3,3,4,3,NA,3,3,2.4,2.375,3.33333333333333
2360,Männlich,2,3,1,1,2,2,4,4,4,4,4,4,2,4,3,4,4,2,1.8,3.5,3.25
2361,Männlich,2,2,1,4,4,2,3,3,2,3,3,2,1,3,5,5,3,3,2.6,2.375,4
2362,Männlich,3,2,3,2,1,2,2,2,1,3,1,3,1,1,1,1,5,1,2.2,1.875,1
2363,Weiblich,3,3,2,3,3,3,2,2,2,3,3,4,3,1,1,2,4,2,2.8,2.75,1.5
2365,Weiblich,2,2,1,1,1,1,1,1,1,1,1,2,1,1,1,1,5,1,1.4,1.125,1
2366,Weiblich,3,3,1,3,2,3,3,2,3,4,4,4,3,2,1,3,3,3,2.4,3.25,2.25
2367,Männlich,3,3,2,2,2,1,4,1,3,2,1,1,1,1,1,4,5,1,2.4,1.75,1.75
2368,Weiblich,3,3,3,3,2,4,3,2,3,4,3,3,2,3,2,2,4,2,2.8,3,2.25
2369,Weiblich,2,3,2,3,2,1,2,2,2,3,3,3,3,1,2,2,5,1,2.4,2.375,1.5
2372,Weiblich,4,2,3,4,3,3,4,4,3,3,4,4,3,4,5,4,4,2,3.2,3.5,3.75
2373,Männlich,2,2,1,1,1,1,1,1,1,1,1,1,1,3,3,3,3,3,1.4,1,3
2374,Männlich,2,3,2,2,3,1,1,2,1,3,1,2,1,3,4,3,4,2,2.4,1.5,3
2375,Männlich,2,2,2,2,2,2,1,2,3,3,2,3,1,2,2,2,4,2,2,2.125,2
2377,Weiblich,2,2,2,2,2,1,1,1,1,3,1,2,1,1,1,1,5,1,2,1.375,1
2378,Männlich,1,1,1,2,1,1,3,1,1,1,1,1,1,1,1,1,1,5,1.2,1.25,2
2379,Weiblich,3,3,2,1,4,1,1,1,3,2,1,2,2,4,1,4,5,1,2.6,1.625,2.5
2380,Männlich,2,2,2,1,1,2,2,1,1,3,1,4,1,2,2,2,1,5,1.6,1.875,2.75
2382,Männlich,3,1,1,1,1,1,1,2,2,2,1,1,1,1,1,1,3,3,1.4,1.375,1.5
2383,Weiblich,2,2,2,2,2,1,3,2,3,3,2,2,1,1,1,1,4,2,2,2.125,1.25
2384,Weiblich,2,2,2,1,2,1,3,2,1,2,2,2,1,NA,1,2,5,1,1.8,1.75,1.33333333333333
2385,Weiblich,3,4,2,3,3,2,3,2,1,3,2,3,1,1,2,1,3,3,3,2.125,1.75
2386,Männlich,2,1,2,1,1,1,2,1,1,1,1,1,1,1,1,1,5,1,1.4,1.125,1
2388,Männlich,3,3,1,1,1,1,3,4,4,1,4,2,1,1,1,1,5,1,1.8,2.5,1
2389,Weiblich,3,4,3,2,4,1,3,2,2,3,4,2,3,1,1,1,5,1,3.2,2.5,1
2390,Männlich,1,1,1,2,1,1,1,1,1,1,1,1,1,1,1,2,5,1,1.2,1,1.25
2392,Männlich,2,2,2,2,2,1,2,1,1,2,2,2,2,1,1,1,5,1,2,1.625,1
2393,Männlich,2,1,3,2,1,1,2,1,1,2,1,3,1,1,1,1,4,2,1.8,1.5,1.25
2394,Weiblich,4,4,2,4,4,2,3,3,2,2,3,3,2,1,1,1,5,1,3.6,2.5,1
2395,Weiblich,2,3,3,2,3,2,3,3,3,1,3,3,1,1,1,4,5,1,2.6,2.375,1.75
2396,Männlich,2,2,2,2,3,2,2,2,2,2,2,2,2,4,4,5,5,1,2.2,2,3.5
2397,Weiblich,2,3,2,2,1,1,2,4,2,1,4,3,2,2,3,4,4,2,2,2.375,2.75
2398,Männlich,2,2,1,2,2,2,2,2,2,2,2,2,2,1,1,1,4,2,1.8,2,1.25
2399,Weiblich,2,3,2,3,1,1,1,1,1,3,2,2,1,1,1,1,5,1,2.2,1.5,1
2400,Weiblich,1,1,2,1,1,1,1,1,1,2,1,1,1,1,1,1,5,1,1.2,1.125,1
2401,Weiblich,2,2,2,2,2,1,2,2,2,4,1,2,2,NA,1,1,5,1,2,2,1
2402,Männlich,2,3,3,2,2,3,1,2,1,1,2,2,1,3,3,3,5,1,2.4,1.625,2.5
2403,Weiblich,2,3,3,3,3,2,2,2,2,2,2,2,2,1,1,1,4,2,2.8,2,1.25
2404,Männlich,2,2,2,1,2,1,1,1,1,3,1,3,1,2,2,1,5,1,1.8,1.5,1.5
2405,Weiblich,4,3,3,2,4,3,3,3,3,4,4,4,3,1,1,1,5,1,3.2,3.375,1
2407,Männlich,4,3,3,3,4,3,4,3,4,3,3,3,4,5,4,5,5,1,3.4,3.375,3.75
2408,Weiblich,2,2,4,2,2,4,4,4,1,4,4,4,4,2,2,3,4,2,2.4,3.625,2.25
2409,Weiblich,2,3,3,3,2,3,3,3,3,3,3,3,3,1,1,1,5,1,2.6,3,1
2410,Weiblich,3,3,2,3,2,1,1,1,1,1,2,1,1,2,1,2,5,1,2.6,1.125,1.5
2411,Weiblich,3,2,2,3,3,1,4,4,3,4,4,4,3,3,4,3,3,3,2.6,3.375,3.25
2412,Weiblich,3,3,4,3,2,1,1,1,1,2,2,2,2,1,2,1,5,1,3,1.5,1.25
2414,Weiblich,4,3,2,3,3,2,3,3,3,3,3,3,2,1,1,1,5,1,3,2.75,1
2415,Weiblich,1,2,1,1,2,2,2,2,1,3,2,2,1,1,1,1,4,2,1.4,1.875,1.25
2416,Weiblich,3,3,2,3,3,2,2,1,3,4,3,4,1,2,3,3,5,1,2.8,2.5,2.25
2417,Weiblich,2,1,1,2,1,1,2,3,1,4,3,3,1,1,1,1,5,1,1.4,2.25,1
2418,Weiblich,4,4,4,3,3,2,4,3,2,3,3,3,2,1,1,1,5,1,3.6,2.75,1
2419,Weiblich,2,3,2,3,3,3,3,4,4,4,3,4,3,4,1,1,3,3,2.6,3.5,2.25
2420,Weiblich,3,2,1,1,2,1,1,1,1,3,1,3,2,1,1,2,3,3,1.8,1.625,1.75
2421,Weiblich,3,3,3,3,3,2,2,2,3,3,2,3,2,1,2,3,3,3,3,2.375,2.25
2422,Männlich,2,2,1,2,1,4,4,3,4,4,1,4,1,4,1,3,3,3,1.6,3.125,2.75
2423,Weiblich,2,1,3,3,3,2,2,1,3,3,3,3,2,4,5,4,4,2,2.4,2.375,3.75
2424,Weiblich,2,3,1,3,1,1,2,2,1,3,2,3,1,1,1,1,5,1,2,1.875,1
2425,Weiblich,3,3,2,2,2,1,4,3,3,2,1,3,1,1,1,1,5,1,2.4,2.25,1
2426,Männlich,4,4,4,3,2,4,4,4,3,4,4,4,4,4,3,4,3,3,3.4,3.875,3.5
2427,Weiblich,4,3,3,2,2,2,3,3,3,3,3,3,4,4,2,3,4,2,2.8,3,2.75
2428,Weiblich,4,4,4,4,3,4,4,3,4,2,3,4,3,1,1,1,5,1,3.8,3.375,1
2429,Männlich,2,1,1,1,1,1,4,1,1,3,1,3,1,1,1,1,5,1,1.2,1.875,1
2430,Männlich,2,1,1,1,1,1,3,3,1,3,1,3,1,1,1,1,4,2,1.2,2,1.25
2432,Männlich,4,3,3,3,3,3,3,4,4,3,3,3,3,3,3,4,5,1,3.2,3.25,2.75
2433,Männlich,2,2,2,1,1,1,1,1,1,2,3,3,1,1,1,1,4,2,1.6,1.625,1.25
2434,Weiblich,3,3,2,1,1,2,1,1,1,2,2,2,1,1,1,1,4,2,2,1.5,1.25
2435,Weiblich,2,2,1,1,1,1,1,1,1,1,3,3,1,1,1,1,4,2,1.4,1.5,1.25
2436,Weiblich,2,3,2,3,3,2,2,2,2,2,2,2,2,1,1,2,3,3,2.6,2,1.75
2437,Weiblich,2,2,3,2,2,1,3,2,2,2,3,2,3,1,2,2,5,1,2.2,2.25,1.5
2438,Männlich,2,3,1,1,2,2,1,1,1,1,1,1,1,3,1,2,3,3,1.8,1.125,2.25
2439,Männlich,2,2,3,1,2,1,1,2,1,3,1,1,1,1,1,2,5,1,2,1.375,1.25
2440,Weiblich,2,2,2,2,2,3,2,2,2,3,3,3,2,3,1,2,5,1,2,2.5,1.75
2441,Männlich,2,2,2,2,2,3,2,2,2,3,3,2,3,4,3,4,4,2,2,2.5,3.25
2442,Weiblich,2,2,2,3,1,1,1,1,2,3,1,2,1,1,1,1,5,1,2,1.5,1
2443,Weiblich,3,3,3,3,2,3,3,3,2,3,3,3,3,3,4,3,3,3,2.8,2.875,3.25
2444,Männlich,2,2,1,2,1,2,3,2,2,4,4,4,2,1,1,1,4,2,1.6,2.875,1.25
2445,Weiblich,3,2,2,2,2,2,3,3,2,3,3,3,2,1,1,2,4,2,2.2,2.625,1.5
2446,Weiblich,2,2,1,1,1,2,2,1,2,3,3,2,1,1,1,1,5,1,1.4,2,1
2447,Männlich,2,2,2,2,2,2,2,1,1,3,1,3,1,1,1,1,4,2,2,1.75,1.25
2448,Männlich,3,3,2,1,2,1,1,1,1,3,1,3,2,1,1,1,5,1,2.2,1.625,1
2449,Männlich,2,1,1,1,2,1,2,1,1,2,1,2,1,1,1,1,5,1,1.4,1.375,1
2450,Weiblich,3,3,3,3,2,2,3,3,2,4,4,4,3,1,1,1,5,1,2.8,3.125,1
2451,Männlich,2,3,2,4,2,2,3,2,1,2,3,1,2,1,1,1,5,1,2.6,2,1
2452,Weiblich,2,3,3,2,3,1,2,4,3,4,4,4,4,1,1,1,5,1,2.6,3.25,1
2453,Weiblich,2,2,1,2,1,2,3,3,1,3,3,4,3,3,1,3,3,3,1.6,2.75,2.5
2454,Weiblich,4,3,1,2,2,2,4,2,1,2,2,1,1,1,1,1,5,1,2.4,1.875,1
2455,Männlich,2,2,3,4,3,3,3,3,3,2,3,2,3,4,4,4,4,2,2.8,2.75,3.5
2457,Weiblich,2,2,2,2,2,1,2,1,1,1,2,1,1,1,1,1,5,1,2,1.25,1
2459,Männlich,2,3,2,2,3,1,3,2,1,2,2,2,2,2,1,1,5,1,2.4,1.875,1.25
2460,Weiblich,2,2,2,2,2,1,3,1,1,2,1,2,1,1,1,1,5,1,2,1.5,1
2461,Männlich,1,2,1,2,2,1,2,2,1,1,1,2,1,1,1,2,4,2,1.6,1.375,1.5
2462,Männlich,2,2,2,3,2,3,3,3,2,2,3,3,2,4,4,4,4,2,2.2,2.625,3.5
2463,Weiblich,4,4,3,2,4,1,2,2,1,2,1,2,1,1,1,1,5,1,3.4,1.5,1
2464,Weiblich,2,2,2,2,2,1,1,2,2,1,2,3,1,1,1,1,5,1,2,1.625,1
2465,Männlich,2,2,2,2,2,3,3,3,3,2,3,3,3,3,3,2,3,3,2,2.875,2.75
2466,Weiblich,2,2,1,2,2,2,2,2,2,4,3,3,2,1,1,1,4,2,1.8,2.5,1.25
2467,Männlich,3,3,1,2,2,4,2,2,1,2,2,2,2,1,1,1,3,3,2.2,2.125,1.5
2468,Männlich,2,2,2,2,2,2,2,1,1,3,2,2,2,1,1,1,4,2,2,1.875,1.25
2469,Weiblich,2,2,2,1,1,1,1,2,1,2,1,1,1,1,1,1,3,3,1.6,1.25,1.5
2470,Männlich,2,2,2,2,2,3,3,2,2,3,2,2,1,3,1,4,4,2,2,2.25,2.5
2472,Weiblich,2,2,2,2,2,1,2,2,2,2,2,2,2,4,4,5,3,3,2,1.875,4
2473,Männlich,2,3,2,2,2,3,3,3,2,3,3,3,2,2,3,3,3,3,2.2,2.75,2.75
2474,Weiblich,3,2,2,2,2,1,2,3,1,2,3,2,1,1,2,2,3,3,2.2,1.875,2
2476,Weiblich,2,2,2,2,2,2,2,3,2,2,2,2,1,2,2,2,5,1,2,2,1.75
2477,Männlich,2,3,2,2,3,2,3,2,1,2,3,2,2,1,1,1,4,2,2.4,2.125,1.25
2478,Weiblich,2,1,1,1,2,2,3,2,1,2,2,2,1,2,1,1,5,1,1.4,1.875,1.25
2479,Männlich,3,2,2,1,1,3,3,2,2,2,3,3,2,1,1,1,5,1,1.8,2.5,1
2480,Männlich,2,2,2,1,1,2,2,2,2,3,2,3,2,3,3,2,1,5,1.6,2.25,3.25
2481,Weiblich,2,2,1,1,1,1,2,1,1,4,4,4,1,1,1,1,4,2,1.4,2.25,1.25
2482,Weiblich,1,1,1,3,2,1,1,1,1,1,1,1,1,1,1,1,5,1,1.6,1,1
2483,Männlich,3,2,1,1,1,2,3,2,2,3,2,2,3,2,1,2,4,2,1.6,2.375,1.75
2484,Weiblich,2,2,3,1,1,1,4,3,2,2,4,3,3,1,1,1,5,1,1.8,2.75,1
2485,Männlich,2,2,2,2,1,1,2,2,1,2,1,2,1,1,1,1,5,1,1.8,1.5,1
2486,Männlich,3,2,1,1,3,1,1,3,3,4,3,3,2,2,1,3,1,5,2,2.5,2.75
2487,Männlich,3,2,3,2,2,3,2,3,3,3,3,2,2,2,3,2,3,3,2.4,2.625,2.5
2489,Männlich,3,2,3,2,3,3,3,2,2,3,3,2,2,4,4,4,3,3,2.6,2.5,3.75
2490,Männlich,2,2,3,2,3,2,3,2,3,2,3,2,3,2,3,3,4,2,2.4,2.5,2.5
2491,Weiblich,4,4,2,2,4,4,4,4,4,4,4,4,4,1,1,1,3,3,3.2,4,1.5
2492,Weiblich,2,1,2,1,1,1,2,1,1,4,2,4,2,1,1,1,3,3,1.4,2.125,1.5
2493,Männlich,1,1,3,1,1,1,1,1,1,1,1,1,1,1,1,1,5,1,1.4,1,1
2494,Weiblich,2,3,3,2,2,2,2,3,3,3,2,2,1,1,3,3,3,3,2.4,2.25,2.5
2496,Männlich,2,3,3,2,1,2,2,3,3,2,2,2,3,5,4,3,2,4,2.2,2.375,4
2497,Weiblich,2,3,2,2,2,1,2,2,1,2,2,2,2,1,1,1,5,1,2.2,1.75,1
2498,Männlich,2,1,1,1,2,1,1,1,1,1,1,2,1,1,1,1,3,3,1.4,1.125,1.5
2499,Männlich,2,1,1,2,1,1,3,3,1,3,2,3,1,1,1,1,5,1,1.4,2.125,1
2500,Männlich,2,3,2,3,4,1,1,3,2,3,2,2,2,1,1,3,3,3,2.8,2,2
2501,Männlich,2,1,1,2,3,3,2,2,3,3,2,3,2,4,2,3,3,3,1.8,2.5,3
2502,Weiblich,3,2,2,2,2,4,3,2,2,2,2,2,2,1,1,1,2,4,2.2,2.375,1.75
2503,Weiblich,3,2,2,1,2,1,3,2,1,2,1,1,1,1,1,1,5,1,2,1.5,1
2504,Männlich,2,2,2,2,2,2,2,2,2,2,2,2,2,3,3,3,3,3,2,2,3
2505,Weiblich,2,2,2,2,2,1,2,2,1,1,1,1,1,1,1,1,3,3,2,1.25,1.5
2506,Weiblich,2,2,3,2,3,3,2,4,2,3,3,3,3,4,3,4,3,3,2.4,2.875,3.5
2507,Weiblich,2,2,3,3,2,1,3,2,1,3,2,2,1,1,1,1,3,3,2.4,1.875,1.5
2508,Weiblich,2,2,2,1,2,1,1,3,1,3,2,3,1,2,1,1,4,2,1.8,1.875,1.5
2509,Männlich,2,2,1,2,2,1,1,1,3,3,1,2,1,1,1,1,5,1,1.8,1.625,1
2510,Weiblich,3,3,3,2,2,1,2,3,3,3,2,2,1,2,1,1,5,1,2.6,2.125,1.25
2511,Weiblich,2,2,1,2,1,1,2,2,1,2,2,2,1,1,1,1,4,2,1.6,1.625,1.25
2512,Weiblich,2,2,2,2,1,1,2,1,1,2,2,2,1,1,1,1,4,2,1.8,1.5,1.25
2513,Weiblich,4,NA,4,1,2,3,4,4,3,4,3,3,3,4,2,4,4,2,2.75,3.375,3
2514,Männlich,2,3,3,1,4,1,3,3,2,4,4,4,4,1,1,1,5,1,2.6,3.125,1
2515,Männlich,3,2,2,2,3,1,2,2,2,2,1,2,1,1,1,1,5,1,2.4,1.625,1
2516,Männlich,1,2,2,1,1,1,2,1,1,2,2,2,1,1,1,1,5,1,1.4,1.5,1
2518,Männlich,2,2,2,2,2,1,1,1,1,1,3,2,2,2,1,1,5,1,2,1.5,1.25
2519,Weiblich,2,2,4,2,2,1,3,2,2,4,3,4,2,1,1,1,3,3,2.4,2.625,1.5
2520,Männlich,1,1,2,1,2,2,1,1,1,2,3,2,3,2,2,2,3,3,1.4,1.875,2.25
2521,Weiblich,2,1,1,1,1,1,2,1,1,1,2,3,1,1,1,1,5,1,1.2,1.5,1
2522,Weiblich,2,2,1,2,1,2,2,2,1,1,1,2,3,1,1,1,5,1,1.6,1.75,1
2523,Weiblich,2,3,3,2,1,4,3,2,1,4,3,3,1,2,2,1,5,1,2.2,2.625,1.5
2524,Weiblich,3,3,3,3,3,2,2,2,2,2,3,2,3,1,1,1,5,1,3,2.25,1
2525,Männlich,2,2,2,1,1,1,2,3,1,2,1,2,1,1,1,1,5,1,1.6,1.625,1
2526,Weiblich,2,2,2,1,1,1,1,1,1,2,2,2,1,1,1,1,5,1,1.6,1.375,1
2527,Weiblich,3,3,4,3,1,4,4,4,4,2,2,2,4,3,2,2,5,1,2.8,3.25,2
2528,Männlich,3,4,4,4,3,3,2,4,4,3,3,3,3,4,3,4,5,1,3.6,3.125,3
2530,Weiblich,2,1,2,2,1,2,3,1,1,2,1,1,1,1,1,1,5,1,1.6,1.5,1
2531,Weiblich,2,2,2,1,1,4,3,1,2,1,4,2,4,1,2,3,5,1,1.6,2.625,1.75
2532,Männlich,2,2,2,2,1,1,1,1,1,1,1,1,1,1,1,1,5,1,1.8,1,1
2533,Weiblich,3,3,2,3,1,4,4,1,4,4,4,4,2,1,1,1,5,1,2.4,3.375,1
2534,Weiblich,3,3,2,1,3,1,2,2,1,3,2,3,2,1,2,2,2,4,2.4,2,2.25
2535,Männlich,2,2,2,2,2,4,2,3,3,3,2,3,3,3,3,4,4,2,2,2.875,3
2536,Männlich,2,2,2,3,2,3,3,3,4,3,3,3,3,1,1,2,3,3,2.2,3.125,1.75
2537,Weiblich,2,2,2,2,2,2,3,3,2,4,1,3,1,1,1,1,4,2,2,2.375,1.25
2538,Männlich,2,2,2,1,2,1,2,1,1,2,1,2,1,1,1,1,5,1,1.8,1.375,1
2539,Weiblich,2,4,2,1,1,1,2,2,2,1,1,2,1,1,1,1,5,1,2,1.5,1
2540,Weiblich,3,3,4,4,3,2,2,3,1,3,3,4,2,1,2,4,5,1,3.4,2.5,2
2541,Männlich,2,2,3,3,2,1,2,1,1,2,2,1,2,1,1,1,4,2,2.4,1.5,1.25
2542,Männlich,3,3,2,3,3,2,3,4,4,4,4,4,4,1,1,1,5,1,2.8,3.625,1
2543,Weiblich,2,2,2,1,3,1,2,3,3,4,3,4,1,1,1,2,4,2,2,2.625,1.5
2544,Weiblich,3,3,2,3,2,3,4,2,3,2,1,1,1,1,1,1,5,1,2.6,2.125,1
2545,Weiblich,2,2,1,1,4,1,3,3,2,2,3,2,1,1,1,1,5,1,2,2.125,1
2546,Männlich,2,2,2,1,2,2,4,3,1,2,3,3,2,2,1,2,5,1,1.8,2.5,1.5
2547,Weiblich,2,2,1,1,2,3,3,2,1,3,2,3,2,2,1,1,5,1,1.6,2.375,1.25
2548,Männlich,2,2,1,2,1,1,3,4,2,4,2,3,4,4,1,4,4,2,1.6,2.875,2.75
2549,Weiblich,4,4,4,4,3,1,2,2,1,3,4,4,1,1,1,1,5,1,3.8,2.25,1
2550,Weiblich,3,3,2,2,2,3,3,3,3,3,3,3,4,1,1,3,4,2,2.4,3.125,1.75
2551,Weiblich,2,2,2,1,1,1,2,1,1,2,1,1,1,1,1,1,3,3,1.6,1.25,1.5
2552,Weiblich,2,3,2,2,2,2,2,2,2,3,2,2,2,2,1,2,4,2,2.2,2.125,1.75
2553,Männlich,2,2,2,1,2,1,1,2,1,2,1,2,1,3,3,3,4,2,1.8,1.375,2.75
2554,Männlich,2,1,2,2,1,1,1,1,1,2,1,3,2,1,1,1,1,5,1.6,1.5,2
2555,Weiblich,2,2,2,2,2,2,3,3,3,2,3,2,2,1,1,1,5,1,2,2.5,1
2556,Männlich,3,3,2,3,1,2,2,3,1,2,2,2,2,5,2,4,3,3,2.4,2,3.5
2557,Weiblich,2,3,2,2,2,1,1,2,2,2,3,2,3,1,1,1,5,1,2.2,2,1
2558,Weiblich,4,4,1,3,4,3,4,4,4,4,4,4,2,3,2,3,5,1,3.2,3.625,2.25
2560,Männlich,2,1,1,1,1,2,3,1,2,2,3,1,1,1,1,1,4,2,1.2,1.875,1.25
2561,Weiblich,2,2,1,2,2,1,2,2,1,1,2,1,1,1,1,1,4,2,1.8,1.375,1.25
2562,Männlich,2,2,1,1,1,2,3,2,1,4,4,4,1,1,1,1,5,1,1.4,2.625,1
2563,Männlich,3,2,3,2,2,1,1,1,1,1,1,1,1,2,1,1,4,2,2.4,1,1.5
2564,Weiblich,2,2,2,4,1,1,3,2,2,4,2,2,2,1,1,1,5,1,2.2,2.25,1
2565,Männlich,2,2,2,2,2,2,2,1,1,3,1,3,1,2,2,3,2,4,2,1.75,2.75
2566,Männlich,1,2,3,1,1,1,2,1,1,4,3,3,3,1,2,3,4,2,1.6,2.25,2
2567,Weiblich,3,2,4,1,1,2,3,3,3,3,1,3,1,1,1,1,5,1,2.2,2.375,1
2568,Weiblich,4,4,3,4,4,1,3,2,2,2,3,3,1,1,1,1,5,1,3.8,2.125,1
2569,Weiblich,2,1,1,2,1,3,3,2,1,2,2,3,1,1,1,1,5,1,1.4,2.125,1
2570,Weiblich,2,1,3,2,2,1,2,2,2,3,2,2,1,1,3,1,4,2,2,1.875,1.75
2571,Männlich,2,3,2,2,2,2,3,1,3,2,1,1,2,2,2,2,3,3,2.2,1.875,2.25
2572,Männlich,1,1,1,3,1,1,1,2,1,1,3,2,3,1,1,4,5,1,1.4,1.75,1.75
2573,Weiblich,2,2,2,2,1,1,3,1,2,2,2,1,1,1,1,1,5,1,1.8,1.625,1
2574,Männlich,2,3,1,2,1,1,4,1,2,4,1,2,1,2,3,3,3,3,1.8,2,2.75
2575,Männlich,2,2,1,4,2,1,1,1,1,4,1,3,1,1,1,1,5,1,2.2,1.625,1
2576,Weiblich,2,2,2,2,2,1,2,2,1,3,2,2,2,2,2,1,5,1,2,1.875,1.5
2577,Männlich,3,2,1,3,3,3,4,3,2,1,3,1,2,1,1,1,5,1,2.4,2.375,1
2578,Weiblich,2,2,2,2,1,1,1,1,1,1,1,2,1,1,1,1,5,1,1.8,1.125,1
2579,Weiblich,1,1,2,1,1,1,2,2,1,3,1,1,1,1,1,1,4,2,1.2,1.5,1.25
2580,Männlich,2,1,1,1,1,1,3,2,1,3,1,3,1,2,3,3,3,3,1.2,1.875,2.75
2581,Weiblich,2,2,1,2,3,4,3,3,2,1,2,1,1,1,1,1,5,1,2,2.125,1
2582,Weiblich,3,3,2,3,3,3,3,4,3,4,4,3,2,5,4,5,5,1,2.8,3.25,3.75
2583,Weiblich,1,1,1,2,1,1,2,2,2,2,1,2,1,1,1,4,5,1,1.2,1.625,1.75
2584,Männlich,2,2,2,1,2,1,1,2,1,3,2,3,1,1,1,1,3,3,1.8,1.75,1.5
2585,Männlich,3,3,1,2,3,4,3,4,4,4,4,4,1,1,1,1,4,2,2.4,3.5,1.25
2587,Männlich,2,NA,2,2,1,1,1,1,1,2,2,2,2,1,1,1,5,1,1.75,1.5,1
2588,Weiblich,2,2,2,3,2,2,1,1,1,2,1,2,1,1,1,1,4,2,2.2,1.375,1.25
2589,Weiblich,2,2,2,1,2,2,3,1,1,3,3,3,1,2,2,2,5,1,1.8,2.125,1.75
2590,Männlich,2,2,1,3,3,3,2,2,3,2,2,3,2,3,3,3,3,3,2.2,2.375,3
2591,Weiblich,4,4,4,3,3,1,1,1,2,2,1,1,1,1,1,1,5,1,3.6,1.25,1
2592,Männlich,2,2,2,2,1,3,2,3,2,3,2,3,2,3,2,4,4,2,1.8,2.5,2.75
2593,Weiblich,2,2,1,1,1,2,3,2,1,1,3,1,2,1,1,1,5,1,1.4,1.875,1
2594,Männlich,2,1,2,1,1,4,3,4,3,4,3,4,3,3,3,3,3,3,1.4,3.5,3
2595,Weiblich,3,3,2,3,3,4,3,1,4,3,3,3,2,1,1,1,5,1,2.8,2.875,1
2596,Weiblich,3,4,3,3,4,4,2,3,2,1,2,1,1,2,1,3,5,1,3.4,2,1.75
2597,Weiblich,2,2,1,3,2,2,2,4,1,2,3,1,1,2,1,2,3,3,2,2,2
2598,Weiblich,3,3,2,2,2,2,2,2,3,2,2,2,1,2,1,2,5,1,2.4,2,1.5
2599,Männlich,2,3,2,3,2,1,2,3,2,3,3,2,2,1,1,3,5,1,2.4,2.25,1.5
2600,Weiblich,2,3,2,2,2,1,3,1,2,3,1,2,1,1,1,1,5,1,2.2,1.75,1
2601,Weiblich,4,1,4,4,1,2,1,1,1,1,1,1,4,1,2,5,5,1,2.8,1.5,2.25
2602,Weiblich,2,2,2,3,2,3,3,1,2,4,4,4,3,1,2,1,4,2,2.2,3,1.5
2603,Weiblich,1,1,2,1,1,1,1,1,1,1,1,1,1,1,1,1,5,1,1.2,1,1
2604,Weiblich,3,2,2,1,2,1,2,2,3,2,1,1,2,1,1,1,5,1,2,1.75,1
2605,Weiblich,2,2,2,2,3,1,3,3,2,3,3,3,2,1,1,1,3,3,2.2,2.5,1.5
2606,Männlich,3,4,1,1,3,1,4,2,1,4,1,4,4,1,1,3,3,3,2.4,2.625,2
2607,Weiblich,3,3,4,3,2,3,3,3,2,4,2,4,3,4,3,2,3,3,3,3,3
2608,Weiblich,2,2,2,1,2,1,1,1,1,4,1,1,1,1,1,1,5,1,1.8,1.375,1
2609,Weiblich,1,3,2,3,1,2,2,2,2,1,1,1,1,1,1,1,4,2,2,1.5,1.25
2610,Weiblich,2,2,1,1,1,1,2,3,2,NA,4,3,3,1,1,1,5,1,1.4,2.57142857142857,1
2611,Weiblich,2,2,2,2,1,2,1,1,1,2,1,1,1,1,1,1,5,1,1.8,1.25,1
2612,Weiblich,2,2,2,2,2,3,3,2,2,3,2,2,2,1,1,1,4,2,2,2.375,1.25
2613,Weiblich,1,2,2,2,1,1,1,1,1,3,2,4,1,1,1,1,4,2,1.6,1.75,1.25
2614,Männlich,2,2,1,2,1,1,4,3,1,3,3,3,1,1,2,3,2,4,1.6,2.375,2.5
2615,Männlich,2,2,1,1,1,3,1,2,1,2,1,2,1,1,1,1,5,1,1.4,1.625,1
2616,Weiblich,3,2,4,2,3,3,2,2,2,4,3,3,4,1,2,2,5,1,2.8,2.875,1.5
2617,Weiblich,2,2,2,2,2,2,2,3,2,1,1,2,1,2,2,2,3,3,2,1.75,2.25
2618,Weiblich,2,2,2,2,2,3,2,2,2,3,1,2,1,1,1,1,5,1,2,2,1
2619,Weiblich,1,2,1,2,2,1,2,1,1,1,3,2,1,1,1,1,4,2,1.6,1.5,1.25
2620,Weiblich,2,1,1,1,1,1,1,1,1,3,2,2,1,1,1,1,5,1,1.2,1.5,1
2621,Männlich,2,2,2,2,2,3,2,2,2,3,2,3,2,4,1,4,4,2,2,2.375,2.75
2622,Weiblich,2,3,3,2,4,4,4,2,1,4,4,3,1,2,1,3,5,1,2.8,2.875,1.75
2623,Weiblich,2,2,2,1,2,1,1,1,1,3,2,1,1,1,1,1,5,1,1.8,1.375,1
2625,Männlich,2,2,2,2,1,1,1,3,1,2,1,2,1,1,1,1,4,2,1.8,1.5,1.25
2626,Männlich,2,2,1,1,2,1,1,1,1,1,1,1,1,1,1,1,4,2,1.6,1,1.25
2627,Männlich,3,3,1,2,3,2,2,2,2,2,2,3,1,2,1,1,4,2,2.4,2,1.5
2628,Männlich,1,2,1,1,1,1,1,2,2,3,2,3,1,1,1,1,5,1,1.2,1.875,1
2629,Männlich,3,2,NA,4,3,3,3,3,4,4,4,3,3,4,3,3,4,2,3,3.375,3
2630,Weiblich,3,3,2,2,2,1,2,1,1,3,2,3,1,1,1,1,5,1,2.4,1.75,1
2631,Weiblich,2,2,2,2,1,1,2,3,1,3,3,3,2,1,1,1,5,1,1.8,2.25,1
2632,Weiblich,2,2,1,2,1,2,3,3,3,4,1,4,1,2,3,3,5,1,1.6,2.625,2.25
2633,Männlich,2,2,2,1,1,4,4,1,4,4,4,4,1,3,1,5,5,1,1.6,3.25,2.5
2634,Weiblich,3,3,2,2,3,2,3,3,3,3,4,3,3,1,1,1,4,2,2.6,3,1.25
2635,Weiblich,2,2,3,2,2,2,2,2,3,2,3,3,3,3,3,3,5,1,2.2,2.5,2.5
2636,Weiblich,2,1,2,1,1,1,1,1,1,2,2,2,1,1,1,1,4,2,1.4,1.375,1.25
2637,Weiblich,3,3,3,3,3,3,3,2,4,2,3,2,2,1,1,1,5,1,3,2.625,1
2638,Männlich,2,1,1,1,1,2,2,2,2,3,3,3,1,1,1,1,4,2,1.2,2.25,1.25
2639,Weiblich,3,3,3,2,3,2,3,4,2,3,3,3,2,2,2,2,5,1,2.8,2.75,1.75
2640,Männlich,1,2,1,1,1,1,2,1,1,2,2,2,2,1,1,1,2,4,1.2,1.625,1.75
2641,Männlich,3,3,2,3,3,2,3,3,4,3,2,2,2,1,1,1,5,1,2.8,2.625,1
2642,Männlich,4,3,3,2,3,1,4,4,3,2,4,4,2,3,3,3,3,3,3,3,3
2643,Männlich,2,2,2,2,2,1,3,3,2,2,3,2,1,3,1,2,5,1,2,2.125,1.75
2644,Weiblich,2,2,2,2,2,3,1,1,1,2,2,3,4,1,1,1,4,2,2,2.125,1.25
2645,Weiblich,3,2,1,1,1,1,2,2,2,3,3,3,2,1,1,2,4,2,1.6,2.25,1.5
2646,Männlich,2,2,2,2,1,2,3,2,3,3,3,3,2,1,1,1,5,1,1.8,2.625,1
2647,Weiblich,2,3,3,3,2,1,2,2,3,3,1,2,1,1,1,1,5,1,2.6,1.875,1
2648,Männlich,2,1,2,1,1,1,1,1,1,3,3,4,1,3,1,1,3,3,1.4,1.875,2
2649,Weiblich,1,2,1,1,1,1,1,1,1,3,1,2,2,1,1,1,4,2,1.2,1.5,1.25
2650,Männlich,4,4,4,3,4,4,3,4,4,3,4,4,3,4,5,4,5,1,3.8,3.625,3.5
2651,Weiblich,2,3,2,2,3,3,3,3,2,2,3,3,3,3,5,5,3,3,2.4,2.75,4
2652,Männlich,2,2,2,1,3,1,3,2,1,3,2,3,1,1,1,2,5,1,2,2,1.25
2653,Männlich,2,2,2,2,2,1,1,1,1,2,2,2,2,1,1,1,5,1,2,1.5,1
2655,Weiblich,2,2,2,2,2,1,1,1,1,2,1,2,1,1,1,1,5,1,2,1.25,1
2656,Weiblich,2,2,2,2,2,1,1,1,1,1,1,2,1,1,1,1,5,1,2,1.125,1
2657,Weiblich,3,3,4,3,3,3,4,4,3,4,4,3,4,1,1,1,4,2,3.2,3.625,1.25
2658,Männlich,2,2,1,1,1,1,1,1,1,2,1,1,1,1,1,1,3,3,1.4,1.125,1.5
2659,Männlich,2,2,2,2,2,3,2,2,1,2,1,2,2,1,1,1,3,3,2,1.875,1.5
2660,Weiblich,2,2,2,2,1,1,1,1,1,1,2,1,1,1,1,1,5,1,1.8,1.125,1
2661,Männlich,2,1,2,1,2,2,2,2,3,2,3,2,2,1,1,1,5,1,1.6,2.25,1
2662,Weiblich,2,2,2,2,2,2,3,2,2,2,2,2,2,1,1,1,4,2,2,2.125,1.25
2663,Weiblich,3,4,2,1,3,1,1,1,3,3,1,1,1,1,1,1,5,1,2.6,1.5,1
2664,Weiblich,2,2,1,2,2,1,2,2,3,2,2,2,2,1,1,2,4,2,1.8,2,1.5
2665,Weiblich,2,3,2,2,2,2,1,1,3,2,2,2,2,1,1,1,5,1,2.2,1.875,1
2666,Weiblich,2,2,2,2,2,1,1,3,2,3,2,3,2,1,1,1,4,2,2,2.125,1.25
2667,Weiblich,2,3,1,2,4,1,3,4,3,3,3,2,1,1,1,1,3,3,2.4,2.5,1.5
2669,Weiblich,2,1,1,2,2,1,2,1,1,2,1,1,1,1,1,1,5,1,1.6,1.25,1
2670,Weiblich,2,2,1,2,2,2,3,2,3,3,4,4,3,1,1,1,5,1,1.8,3,1
2671,Weiblich,2,4,2,2,3,3,2,4,1,1,4,1,4,2,1,1,5,1,2.6,2.5,1.25
2672,Weiblich,4,3,2,2,3,4,4,3,3,3,4,3,4,1,2,1,3,3,2.8,3.5,1.75
2674,Weiblich,2,2,2,1,2,2,2,2,2,3,2,2,2,1,3,2,4,2,1.8,2.125,2
2675,Männlich,1,2,1,2,1,1,1,1,2,2,1,1,1,1,1,1,3,3,1.4,1.25,1.5
2676,Weiblich,2,2,4,2,2,1,1,1,1,4,3,4,2,1,1,2,5,1,2.4,2.125,1.25
2677,Weiblich,2,2,2,2,2,3,3,2,2,2,1,2,1,NA,1,1,5,1,2,2,1
2678,Weiblich,1,1,1,1,2,1,1,1,1,1,1,1,1,1,1,2,5,1,1.2,1,1.25
2679,Weiblich,3,3,2,3,2,3,3,3,3,3,3,3,3,2,2,1,2,4,2.6,3,2.25
2680,Männlich,3,3,1,3,3,1,3,2,1,3,2,3,2,1,1,1,5,1,2.6,2.125,1
2681,Männlich,4,1,1,1,1,1,1,1,1,1,1,1,1,5,3,4,5,1,1.6,1,3.25
2682,Weiblich,2,2,2,2,1,1,1,1,1,2,1,1,1,1,2,1,5,1,1.8,1.125,1.25
2683,Weiblich,2,2,3,3,1,1,1,1,1,2,2,2,1,1,1,2,4,2,2.2,1.375,1.5
2684,Weiblich,2,2,2,3,3,2,3,3,4,2,2,2,2,1,1,3,4,2,2.4,2.5,1.75
2685,Männlich,2,2,1,1,2,1,1,1,1,3,1,3,1,1,1,1,5,1,1.6,1.5,1
2686,Männlich,3,4,3,1,4,1,1,1,2,3,2,3,1,3,1,1,5,1,3,1.75,1.5
2687,Weiblich,3,3,3,2,2,3,3,1,4,4,4,4,4,1,3,1,3,3,2.6,3.375,2
2688,Männlich,4,2,2,2,1,1,1,1,1,3,1,3,1,2,3,2,3,3,2.2,1.5,2.5
2689,Weiblich,4,4,1,1,2,1,2,1,2,3,1,2,1,1,1,1,5,1,2.4,1.625,1
2690,Männlich,3,2,1,2,2,2,3,4,2,4,2,3,1,3,2,2,5,1,2,2.625,2
2691,Weiblich,3,3,3,4,4,4,4,4,4,2,3,4,4,3,1,1,4,2,3.4,3.625,1.75
2692,Weiblich,3,3,3,3,2,3,3,3,4,4,4,3,3,3,4,4,2,4,2.8,3.375,3.75
2693,Weiblich,3,3,2,2,2,3,2,3,4,3,2,3,3,3,3,3,3,3,2.4,2.875,3
2694,Männlich,2,2,2,2,2,3,3,2,3,2,2,2,2,4,2,4,4,2,2,2.375,3
2695,Männlich,3,2,1,2,2,1,3,4,2,4,1,2,3,1,1,1,4,2,2,2.5,1.25
2696,Männlich,2,2,2,2,2,1,1,1,2,3,4,3,2,2,4,3,3,3,2,2.125,3
2697,Weiblich,1,2,1,1,2,1,1,1,1,2,1,2,1,1,1,2,5,1,1.4,1.25,1.25
2698,Männlich,4,3,2,4,3,1,2,1,3,3,3,4,4,1,1,2,4,2,3.2,2.625,1.5
2699,Weiblich,2,2,2,2,2,2,1,2,1,3,2,3,2,1,1,1,5,1,2,2,1
2700,Männlich,1,2,1,1,2,1,1,2,1,3,2,3,1,1,1,1,5,1,1.4,1.75,1
2701,Weiblich,2,4,3,2,2,1,1,3,4,4,3,4,3,1,1,3,5,1,2.6,2.875,1.5
2702,Weiblich,3,2,1,1,1,3,4,3,2,2,2,3,1,1,2,2,3,3,1.6,2.5,2
2703,Männlich,2,2,2,2,2,1,2,2,1,3,2,2,2,2,2,2,2,4,2,1.875,2.5
2704,Männlich,1,1,2,1,2,2,1,2,2,2,1,2,1,3,2,4,3,3,1.4,1.625,3
2705,Männlich,2,2,3,2,2,2,2,2,1,2,2,2,1,1,1,1,4,2,2.2,1.75,1.25
2707,Weiblich,2,2,2,2,2,1,1,1,1,1,1,1,1,1,1,1,5,1,2,1,1
2708,Männlich,2,2,1,2,1,1,2,2,1,3,1,3,1,1,1,1,5,1,1.6,1.75,1
2709,Männlich,3,4,1,2,2,2,3,1,3,1,1,2,1,1,1,1,5,1,2.4,1.75,1
2710,Männlich,3,4,3,2,3,1,3,4,3,4,4,2,3,1,1,1,5,1,3,3,1
2711,Männlich,2,2,NA,2,2,4,2,3,3,2,2,3,2,3,4,4,4,2,2,2.625,3.25
2712,Männlich,2,2,2,3,2,1,1,2,1,2,2,3,1,2,1,2,5,1,2.2,1.625,1.5
3001,Weiblich,3,3,3,3,3,1,2,2,1,1,2,1,1,1,1,1,5,1,3,1.375,1
3002,Weiblich,3,4,3,2,2,1,2,1,2,1,2,2,1,2,1,1,5,1,2.8,1.5,1.25
3004,Weiblich,3,2,3,1,2,1,2,1,2,2,3,1,1,2,1,1,5,1,2.2,1.625,1.25
3005,Männlich,3,2,2,2,3,1,1,1,2,2,2,2,2,1,1,1,5,1,2.4,1.625,1
3006,Weiblich,3,4,2,4,3,1,1,2,3,4,3,3,2,1,1,2,4,2,3.2,2.375,1.5
NA,,NA,NA,NA,NA,NA,NA,NA,NA,NA,NA,NA,NA,NA,NA,NA,NA,NA,NA,NA,NA,NA